# base id	target id	evo:percent,...  (NDS-Ironmon-Tracker EvoDataGen4.lua, converted by tools/trainer-data/convert_evodata.py)
1	2	30:7.43,33:7.4,93:7.21,24:7.05,153:6.44,388:6.43,253:6.41,192:5.87,114:5.16,70:5.16,44:4.89,315:4.76,269:4.58,168:4.49,15:4.46,413:4.38,47:3.74,211:3.44
2	3	465:6.79,254:6.67,154:5.52,470:5.5,89:5.31,169:5.1,110:5.06,182:4.93,332:3.96,452:3.88,435:3.68,275:3.62,94:3.36,389:3.28,346:3.07,407:3.05,103:3.01,45:2.96,34:2.89,31:2.88,71:2.87,460:2.8,73:2.55,454:2.49,272:2.15
4	5	240:17.24,156:17.22,77:15.31,219:13.86,391:12.72,256:12.64,58:6.6,228:2.12,323:1.57
5	6	59:12.34,126:11.42,467:10.24,136:10.17,157:10.13,78:9.52,38:9.38,392:8.05,257:8,229:7.22,324:2.62
7	8	61:10.22,394:8.82,159:8.77,184:8.72,320:8.54,222:7.99,364:7.85,117:6.18,259:6.06,400:5.8,279:5.76,211:4.92,195:4.79,366:1.51,458:1.19,140:1.17,138:1.12
8	9	350:6.13,160:5.36,134:5.03,130:4.72,131:4.3,368:4.29,367:4.26,395:4.24,365:4.18,224:4.12,186:3.86,55:3.8,321:3.76,260:3.65,419:3.59,91:3.4,230:3.21,369:2.86,121:2.83,73:2.8,141:2.69,139:2.62,272:2.4,80:2.32,199:2.32,62:2.1
10	11	266:16.57,268:16.38,14:14.43,265:13.23,13:13.2,401:13.12,412:13.06
11	12	347:10.36,267:9.69,402:9.66,166:9.03,313:9,314:8.97,193:8.64,284:7.5,269:6.63,15:6.62,168:6.52,47:5.58,451:1.05
13	14	268:16.53,266:16.45,11:14.36,265:13.23,412:13.17,401:13.16,10:13.1
14	15	30:6.66,33:6.53,347:6.37,93:6.36,12:6.04,267:5.95,402:5.94,314:5.55,313:5.55,166:5.54,193:5.32,284:4.75,70:4.58,2:4.39,315:4.36,44:4.29,269:4.12,168:4.04,47:3.45
16	17	35:7.22,225:7.09,177:7.05,294:7,425:6.94,458:6.9,188:6.81,190:6.63,327:6.62,133:6.58,397:6.54,216:6.53,427:6.29,301:5.96,83:5.85
17	18	469:3.08,40:3.03,295:2.78,233:2.77,428:2.76,335:2.74,36:2.72,414:2.69,53:2.65,432:2.63,210:2.58,288:2.57,234:2.56,416:2.55,463:2.54,424:2.54,123:2.52,113:2.51,352:2.49,217:2.46,277:2.46,227:2.36,291:2.35,430:2.32,115:2.3,128:2.3,241:2.26,22:2.17,164:2.13,85:2.12,189:2.11,398:2.07,207:2.06,426:1.95,472:1.94,334:1.91,142:1.89,357:1.87,42:1.76,279:1.71,178:1.69,203:1.54,226:1.54
19	20	301:6.11,108:5.83,446:5.76,137:5.71,264:5.32,40:5.28,351:5.15,162:5.05,176:4.89,206:4.83,53:4.56,432:4.5,288:4.5,441:4.47,352:4.38,210:4.36,113:4.36,277:4.26,164:3.84,22:3.8,400:3.04
21	22	198:3.46,264:3.19,40:3.13,162:3.12,20:3.11,351:3.07,206:2.95,176:2.9,428:2.89,295:2.88,36:2.8,335:2.77,414:2.74,432:2.71,53:2.69,441:2.69,352:2.62,288:2.61,113:2.59,210:2.59,234:2.59,424:2.58,416:2.55,277:2.51,227:2.47,291:2.34,164:2.26,85:2.25,284:2.2,189:2.18,398:2.16,207:2.14,18:2.06,357:1.95,400:1.82,42:1.79,279:1.74,178:1.72,203:1.63,226:1.56
23	24	93:11.94,317:9.16,336:9,2:7.98,44:7.93,315:7.92,49:7.07,435:6.94,42:6.76,211:5.67,45:5.58,71:5.42,89:1.02
25	26	479:12.67,82:12.59,310:12.57,101:12.45,125:12.09,181:10.47,171:8.12,311:4.13,417:4.11,312:4.08,466:2.29,405:1.62,135:1.59,462:1.22
27	28	51:10.89,105:9.11,247:8.42,444:7.07,207:6.75,323:6.49,221:6.07,112:6.02,76:5.79,259:5.74,31:4.55,195:4.55,340:4.53,34:4.51,423:4.35,95:1.36,75:1.16
29	30	109:13.03,451:12.98,434:12.96,72:12.79,33:9.6,70:6.99,44:6.51,315:6.48,269:6.28,168:6.21,15:6.15
30	31	89:7.77,317:7.65,169:7.57,110:7.46,336:7.38,452:5.89,49:5.66,435:5.44,42:5.37,3:5.25,94:4.88,407:4.5,45:4.39,34:4.31,71:4.24,73:3.77,454:3.68,24:1.83,93:1.43
32	33	434:13.13,109:13.05,451:12.88,72:12.65,30:9.59,70:6.95,44:6.64,315:6.47,269:6.42,168:6.15,15:6.05
33	34	89:7.84,317:7.7,110:7.57,169:7.55,336:7.3,452:5.77,49:5.73,435:5.42,42:5.38,3:5.21,94:4.89,407:4.49,45:4.39,31:4.31,71:4.22,73:3.82,454:3.63,24:1.86,93:1.42
35	36	295:4.82,428:4.75,233:4.74,335:4.73,432:4.48,53:4.45,234:4.42,424:4.4,210:4.39,352:4.39,288:4.37,463:4.37,113:4.31,217:4.21,277:4.12,115:4.05,241:4.02,128:3.94,164:3.75,22:3.73,85:3.71,398:3.64,18:3.46,203:2.66
37	38	324:11.79,59:9.92,126:9.19,467:8.27,157:8.06,136:8.03,78:7.74,323:7.3,392:6.58,257:6.53,6:6.46,229:6.01
39	40	108:5.41,137:5.23,446:5.17,264:4.92,20:4.79,351:4.74,162:4.61,176:4.55,206:4.51,335:4.29,432:4.14,441:4.08,53:4.04,288:4.03,352:4.01,234:3.99,113:3.98,210:3.97,277:3.89,22:3.48,164:3.46,85:3.38,400:2.78,203:2.52
41	42	24:4.18,414:3.81,441:3.63,123:3.54,416:3.52,277:3.43,227:3.37,89:3.31,291:3.27,317:3.25,110:3.25,336:3.13,85:2.97,22:2.96,164:2.95,284:2.94,398:2.87,189:2.86,207:2.8,18:2.72,334:2.59,357:2.59,426:2.57,452:2.49,49:2.41,435:2.37,178:2.29,279:2.27,94:2.17,226:1.97,211:1.92,71:1.91,45:1.91,34:1.84,31:1.83,454:1.67
42	169	469:8.02,123:6.41,89:6.22,430:6.04,110:5.95,468:5.06,334:4.9,426:4.84,130:4.83,142:4.77,472:4.73,452:4.62,6:4.24,3:4.15,94:3.93,407:3.6,34:3.48,31:3.45,73:3.09,454:2.99
43	44	30:8.39,33:8.32,93:8.04,253:7.31,388:7.28,153:7.27,192:6.66,70:5.77,2:5.46,315:5.31,269:5.22,15:5.13,413:5.05,168:5,47:4.31,211:3.93
44	45	24:5.27,421:5.22,455:4.81,154:4.22,470:4.2,89:4.07,317:4.02,110:3.92,336:3.83,114:3.55,189:3.53,357:3.15,332:3.06,452:3.01,49:2.99,42:2.87,435:2.85,275:2.81,3:2.74,94:2.6,389:2.53,286:2.49,407:2.35,103:2.31,346:2.29,71:2.21,460:2.21,34:2.19,31:2.16,454:1.96,73:1.96,272:1.71
44	182	24:5.09,421:5.03,455:4.78,154:4.16,470:4.13,89:4.05,317:3.9,110:3.85,336:3.76,114:3.54,189:3.48,332:3.09,357:3.07,452:2.96,49:2.91,435:2.88,42:2.82,275:2.78,3:2.69,94:2.58,286:2.53,389:2.52,103:2.33,346:2.3,407:2.29,34:2.22,31:2.21,71:2.19,460:2.16,73:1.99,454:1.92,272:1.72
46	47	402:5.38,267:5.35,12:5.35,388:5.22,414:5.21,253:5.18,313:5.02,153:5.01,166:4.99,314:4.96,193:4.81,192:4.7,70:4.14,114:4.12,284:4.11,2:3.91,315:3.88,44:3.88,269:3.79,15:3.64,168:3.61,413:3.57
48	49	93:6.7,24:6.68,414:6.05,205:5.67,416:5.52,317:5.2,291:5.06,110:5,336:4.96,348:4.8,284:4.66,2:4.46,413:4.09,435:3.73,42:3.71,47:3.39,211:3.14,45:3.1,34:3.01,31:3.01,71:2.99,454:2.62
50	51	95:14.83,75:13.93,105:13.54,247:12.65,444:10.67,207:10.47,259:8.91,195:7.3,111:2.92,28:1.35
52	53	264:4.54,40:4.5,20:4.39,351:4.37,162:4.24,176:4.16,206:4.11,295:4.07,428:4.06,335:3.94,36:3.88,432:3.83,441:3.78,288:3.74,424:3.68,352:3.65,210:3.64,234:3.64,113:3.64,277:3.63,22:3.22,164:3.18,398:3.13,85:3.11,18:2.96,400:2.54,203:2.33
54	55	350:4.35,9:3.8,160:3.77,457:3.57,134:3.51,99:3.34,130:3.31,119:3.24,367:3.05,131:3.01,368:3.01,365:2.98,224:2.92,395:2.9,342:2.81,186:2.74,321:2.72,419:2.62,260:2.62,319:2.54,226:2.4,91:2.37,230:2.32,340:2.25,87:2.24,423:2.18,171:2.16,121:2.05,369:2.03,73:1.99,139:1.88,141:1.87,272:1.66,80:1.63,199:1.57,62:1.48
56	57	106:15.76,237:15.76,107:15.58,297:11.11,308:7.75,286:7.57,214:7.49,454:5.95,62:4.93,67:3.07,68:1.92
58	59	467:11.81,136:11.57,157:11.54,78:10.91,38:10.86,257:9.26,392:9.22,6:9,229:8.42,324:3.28,126:3,323:1.15
60	61	138:13.59,140:13.52,184:8.71,159:8.7,394:8.67,8:8.65,320:8.5,222:8.11,364:7.72,259:6.06,400:5.86
61	62	350:4.49,9:3.91,160:3.88,457:3.71,134:3.63,99:3.47,130:3.45,119:3.22,368:3.17,367:3.14,131:3.12,395:3.04,365:3.02,342:2.99,224:2.94,55:2.73,321:2.73,419:2.66,260:2.66,319:2.64,226:2.46,91:2.43,230:2.31,340:2.27,87:2.26,171:2.2,423:2.2,369:2.12,121:2.11,73:2,139:1.95,141:1.91,272:1.72,199:1.68,80:1.65
61	186	350:4.31,160:3.8,9:3.76,457:3.65,134:3.53,130:3.38,99:3.37,119:3.18,131:3.09,368:3.06,367:3.05,395:3.01,365:2.96,224:2.94,342:2.9,55:2.72,321:2.69,319:2.61,419:2.6,260:2.56,226:2.47,91:2.4,340:2.37,230:2.34,423:2.25,87:2.22,171:2.17,369:2.08,73:2.05,121:2,139:1.99,141:1.96,272:1.73,80:1.67,199:1.65
63	64	202:18.57,358:15.02,375:14.45,337:11.19,338:11.13,308:10.56,122:2.96,201:2.58,96:2.55,325:2.54,177:2.17,102:2.13,124:1.83,203:1.27
64	65	282:10.24,196:9.45,326:8.75,122:8.72,97:7.75,437:6.43,475:6.36,124:6.13,178:5.63,203:4.98,344:4.87,103:4.76,121:4.22,80:3.48,199:3.45,202:1.33,358:1.13,375:1.02
66	67	391:16.26,256:16.04,308:14,107:12.85,237:12.77,106:12.76,57:8.8,286:4.94,297:1.58
67	68	237:11.73,106:11.65,107:11.64,448:9.79,57:8.5,297:8.07,475:6.7,257:6.15,392:6.09,214:5.48,286:5.39,454:4.09,62:3.51
69	70	345:9.78,33:8.03,30:7.91,93:7.69,388:6.9,153:6.88,253:6.85,192:6.22,2:5.16,44:5.13,315:5.12,269:4.95,168:4.92,15:4.84,413:4.71,47:4.08
70	71	24:5.01,421:4.96,455:4.68,470:4.08,154:4,89:3.96,317:3.84,110:3.73,336:3.64,182:3.61,114:3.42,189:3.36,357:3.12,332:2.91,452:2.87,49:2.85,42:2.76,435:2.73,275:2.71,3:2.57,389:2.46,94:2.46,286:2.41,407:2.27,103:2.27,346:2.2,45:2.19,34:2.14,31:2.1,460:2.05,454:1.86,73:1.85,272:1.63
72	73	89:3.53,110:3.46,169:3.44,317:3.44,350:3.3,9:2.87,160:2.85,134:2.76,130:2.58,99:2.53,452:2.5,131:2.38,368:2.36,367:2.34,435:2.29,395:2.29,365:2.25,342:2.21,3:2.2,224:2.18,94:2.11,186:2.09,55:2.05,321:2.03,260:2.02,419:1.99,407:1.86,226:1.85,91:1.82,34:1.81,45:1.79,230:1.77,31:1.76,340:1.73,87:1.73,423:1.7,71:1.7,369:1.6,121:1.58,454:1.54,141:1.46,139:1.42,272:1.31,80:1.29,199:1.26,62:1.17
74	75	140:9.46,138:9.41,299:9.08,185:9.03,345:8.77,51:7.34,95:7.09,347:6.82,105:6.48,247:6.11,222:5.65,444:5.17,219:5.15,259:4.42
75	76	409:5.6,450:5.07,232:4.95,28:4.93,411:4.49,476:4.32,306:4.14,213:4.12,348:4,330:3.96,473:3.83,208:3.47,323:3.47,221:3.33,142:3.26,112:3.26,472:3.25,338:2.92,337:2.91,389:2.67,344:2.53,346:2.45,340:2.41,34:2.37,31:2.34,423:2.33,369:2.17,141:2.07,139:2.05
77	78	324:13.12,126:10.13,467:9,136:8.93,157:8.91,38:8.51,323:8.17,257:7.28,392:7.14,6:7.06,229:6.56,59:1.54,5:1.01,156:1.01
79	80	282:4.23,196:3.85,326:3.41,122:3.41,65:3.14,97:3.03,160:2.79,9:2.76,457:2.62,134:2.52,437:2.47,99:2.44,475:2.41,124:2.35,119:2.32,131:2.27,367:2.25,368:2.25,365:2.21,224:2.21,395:2.19,342:2.16,178:2.12,186:2.03,55:1.99,321:1.95,419:1.93,260:1.91,319:1.91,203:1.89,344:1.84,103:1.82,91:1.77,226:1.77,340:1.71,423:1.68,87:1.66,171:1.65,369:1.52,121:1.51,73:1.45,139:1.42,141:1.41,272:1.3,62:1.14
79	199	282:4.1,196:3.72,326:3.36,122:3.29,65:3.05,97:3.03,9:2.76,160:2.72,134:2.61,457:2.57,99:2.42,437:2.41,475:2.38,124:2.32,367:2.29,119:2.27,131:2.25,368:2.2,224:2.18,395:2.18,365:2.14,342:2.11,186:2.07,178:2.07,321:2,55:1.98,260:1.92,319:1.91,419:1.87,203:1.84,226:1.81,344:1.81,91:1.77,103:1.74,340:1.69,87:1.63,423:1.59,171:1.58,369:1.53,121:1.49,73:1.48,141:1.44,139:1.4,272:1.27,62:1.14
81	82	305:10.18,212:7.88,205:7.21,411:7.02,227:6.75,479:6.59,310:6.53,26:6.42,101:6.38,375:6.33,125:6.29,208:5.53,437:5.36,181:5.26,171:3.88
82	462	466:10.08,448:8.83,212:8.83,411:7.96,135:7.94,405:7.84,476:7.54,306:7.42,125:6.84,208:6.33,437:6.01,181:5.95,395:5.62,376:1.13
84	85	264:3.04,40:3,351:2.97,162:2.96,206:2.84,295:2.76,428:2.71,414:2.68,36:2.67,335:2.66,288:2.57,53:2.56,234:2.54,432:2.54,210:2.54,123:2.52,416:2.47,424:2.46,113:2.45,352:2.42,217:2.39,277:2.38,227:2.29,291:2.28,128:2.27,430:2.27,241:2.26,115:2.24,164:2.17,22:2.13,284:2.09,189:2.09,398:2.06,207:2.06,18:2,357:1.93,334:1.89,426:1.87,279:1.69,42:1.68,178:1.63,203:1.51,226:1.45
86	87	457:4.51,99:4.15,119:3.99,117:3.86,368:3.82,367:3.81,224:3.69,342:3.63,279:3.57,186:3.44,55:3.44,321:3.4,319:3.34,419:3.33,226:3.08,211:2.96,195:2.96,340:2.9,171:2.74,423:2.74,121:2.62,369:2.59,73:2.49,141:2.38,139:2.36,272:2.18,80:2.09,199:2.07,62:1.96
88	89	317:7.9,169:7.79,110:7.75,336:7.62,452:6.02,49:5.84,435:5.58,42:5.56,3:5.24,94:5.09,407:4.54,45:4.49,34:4.43,31:4.37,71:4.36,73:3.93,454:3.89,24:2.16,93:1.69
90	91	350:5.6,9:4.88,160:4.78,134:4.52,99:4.21,130:4.18,131:3.94,367:3.81,368:3.79,365:3.72,224:3.68,395:3.65,55:3.43,186:3.42,321:3.35,419:3.27,260:3.25,230:2.89,87:2.77,423:2.76,369:2.57,121:2.55,73:2.45,141:2.39,139:2.38,80:2.14,272:2.12,199:2.02,62:1.89
92	93	302:10.87,200:10.25,33:8.97,30:8.91,24:8.65,479:6.44,70:6.26,2:5.9,44:5.89,315:5.77,269:5.6,15:5.57,168:5.46,211:4.34
93	94	477:8.3,356:7.42,354:7.03,429:6.2,89:4.81,317:4.63,110:4.61,169:4.59,336:4.44,478:3.98,442:3.97,426:3.72,452:3.64,49:3.56,435:3.43,42:3.41,3:3.28,407:2.89,45:2.81,31:2.72,34:2.7,71:2.68,73:2.47,454:2.34
95	208	409:6.07,450:5.47,232:5.39,411:4.94,476:4.58,306:4.54,213:4.36,330:4.31,348:4.26,473:4.16,464:3.97,323:3.77,472:3.56,142:3.53,112:3.5,76:3.39,389:2.91,260:2.88,344:2.73,346:2.67,34:2.58,340:2.56,31:2.54,423:2.52,369:2.4,139:2.19,141:2.15
96	97	282:9.2,196:8.44,122:7.83,326:7.76,65:7.08,437:5.81,475:5.67,124:5.62,178:5.02,338:5,337:4.98,203:4.56,344:4.4,103:4.3,121:3.73,199:3.14,80:3.07,64:1.18,202:1.12,358:1
98	99	457:4.58,119:4.07,117:4.03,367:3.91,368:3.9,224:3.69,279:3.64,342:3.53,321:3.42,186:3.41,55:3.37,419:3.33,319:3.29,226:3.07,211:3.06,195:3,340:2.95,87:2.84,423:2.78,171:2.76,369:2.63,121:2.63,73:2.56,139:2.4,141:2.38,272:2.14,80:2.09,199:2.07,62:1.95,394:1.03,184:1.03,159:1.02,8:1.01
100	101	135:11.74,405:11.62,26:10.94,479:10.83,310:10.8,82:10.56,125:10.41,181:8.89,171:6.54,466:2.26,311:1.42,417:1.38,312:1.37,462:1.24
102	103	282:5.93,465:5.87,254:5.8,196:5.36,326:4.95,154:4.83,470:4.83,65:4.6,97:4.46,182:4.25,437:3.67,475:3.57,332:3.51,275:3.27,178:3.21,3:3.15,389:2.92,344:2.73,407:2.7,346:2.66,71:2.65,45:2.63,460:2.54,121:2.37,272:1.99,199:1.98,80:1.98
104	105	51:12.17,95:11.54,75:10.78,28:10.15,247:9.71,444:8.13,207:7.83,323:7.57,221:7.04,259:6.8,195:5.42,111:1.35
108	463	474:7.93,233:6.98,428:6.96,295:6.95,36:6.74,234:6.39,424:6.25,217:6.17,143:6.13,242:6.1,115:5.9,128:5.84,241:5.7,398:5.3,18:5.14,468:5.01
109	110	89:8.11,317:7.84,169:7.78,336:7.62,452:5.92,49:5.8,42:5.56,435:5.53,3:5.23,94:5.1,407:4.6,45:4.4,31:4.34,34:4.33,71:4.3,73:3.85,454:3.74,24:2.02,93:1.53
111	112	409:5.65,450:5.04,232:5.02,28:4.86,411:4.57,476:4.23,306:4.19,213:4.11,330:4.01,348:3.93,473:3.83,323:3.53,208:3.46,472:3.34,221:3.29,142:3.27,76:3.16,338:2.91,337:2.9,389:2.68,344:2.53,340:2.43,346:2.41,34:2.41,31:2.37,423:2.3,369:2.18,141:2.01,139:2.01
112	464	409:6.87,450:6.23,232:6.1,411:5.6,476:5.3,306:5.13,213:5.11,330:4.95,348:4.84,473:4.81,208:4.29,142:4.04,472:4,76:3.87,389:3.4,260:3.38,344:3.12,346:3.11,31:2.98,34:2.97,369:2.72,141:2.51,139:2.49,248:1.17
113	242	474:13.43,233:11.79,463:10.92,217:10.46,143:10.41,241:10.1,115:9.95,128:9.87,468:8.58
114	465	254:14.96,470:12.91,154:12.88,3:8.71,389:8.15,407:7.61,103:7.57,346:7.46,460:7.07,182:2.06,421:1.73,455:1.54,357:1.41,332:1.32,275:1.12
116	117	394:6.2,8:6.17,159:6.16,184:6.11,320:6.07,364:5.38,457:4.63,99:4.37,119:4.07,259:3.97,224:3.89,400:3.85,279:3.79,342:3.77,319:3.45,226:3.24,211:3.18,195:3.15,340:3.07,87:3.03,171:2.98,423:2.9,272:2.33
117	230	350:7.07,160:6.3,9:6.22,134:5.89,130:5.58,131:5.08,395:4.96,365:4.83,186:4.71,55:4.46,321:4.43,260:4.37,419:4.34,91:3.94,121:3.43,73:3.4,139:3.18,141:3.17,199:2.81,80:2.71,62:2.58
118	119	159:5.47,8:5.45,394:5.41,184:5.35,364:4.64,457:4,99:3.74,259:3.5,117:3.44,368:3.39,367:3.38,400:3.26,224:3.22,279:3.17,342:3.15,319:2.92,419:2.9,226:2.66,211:2.65,195:2.63,340:2.63,87:2.53,423:2.42,171:2.37,369:2.33,139:2.14,141:2.13,272:1.96,199:1.87,80:1.81,61:1.15
120	121	350:5.2,9:4.6,160:4.54,134:4.19,130:3.94,99:3.92,131:3.67,368:3.66,367:3.62,395:3.5,365:3.48,224:3.44,342:3.36,186:3.33,321:3.15,55:3.15,419:3.05,260:3.03,91:2.83,230:2.71,340:2.68,87:2.59,423:2.54,369:2.36,73:2.33,139:2.29,141:2.23,272:1.99,80:1.97,199:1.94,62:1.75
123	212	127:6.24,469:5.41,205:4.58,416:4.38,227:4.13,169:4.13,430:4.12,291:4.02,213:3.97,348:3.9,85:3.71,189:3.67,398:3.61,18:3.44,468:3.34,334:3.3,426:3.29,130:3.26,357:3.25,472:3.19,142:3.15,49:3.07,6:2.98,178:2.95,42:2.9,214:2.74,226:2.61
125	466	405:20.6,135:20.35,462:18.16,181:16.17,310:5.39,26:5.3,101:5.18,82:4.83,171:2.16,479:1.87
126	467	59:14.08,157:11.55,136:11.39,78:10.81,38:10.8,392:9.25,257:9.15,6:8.96,229:8.4,324:4.11,323:1.51
129	130	350:7.34,160:6.41,9:6.35,134:5.89,131:5.2,365:5.07,395:4.94,186:4.61,55:4.53,321:4.46,419:4.42,260:4.39,91:4.01,230:3.83,121:3.49,73:3.34,141:3.18,139:3.18,80:2.8,199:2.8,62:2.55
133	134	350:5.79,9:5.02,160:4.96,99:4.41,130:4.34,368:3.98,367:3.97,224:3.81,395:3.8,186:3.61,55:3.48,131:3.48,321:3.44,260:3.38,419:3.36,365:3.33,230:2.97,423:2.85,121:2.81,91:2.65,73:2.61,369:2.61,87:2.44,141:2.41,139:2.4,80:2.27,199:2.24,272:2.07,62:1.93
133	135	466:16.59,405:12.84,310:12.03,101:11.73,26:11.72,462:11.19,125:11.17,181:9.66,82:1.56,479:1.11
133	136	59:12.47,126:11.42,467:10.23,157:10.22,78:9.74,38:9.56,392:8.26,229:8.15,257:8.14,6:8.01,324:2.8,323:1.01
133	196	282:14.3,65:11.37,97:11.28,437:9.39,475:9.29,344:7.31,376:7,103:6.58,121:5.91,199:5.08,80:5,326:2.04,122:1.95
133	197	430:13.15,442:11.32,461:10.94,452:10.52,435:9.99,332:9.65,275:9.08,248:8.69,229:8.2,359:5.51,342:1.15
133	470	465:10.59,254:10.26,154:8.78,182:7.77,332:6.97,275:6.51,3:5.66,103:5.26,389:5.25,407:4.92,460:4.85,346:4.81,45:4.8,71:4.75,272:3.68,421:1.38,455:1.23
133	471	362:18.15,461:13.39,473:11.36,478:10.28,131:9.76,365:9.56,91:7.71,87:7.27,460:6.3,215:3.22,221:1.5,124:1.49
137	233	474:7.88,295:7.02,428:6.99,36:6.8,424:6.43,234:6.39,463:6.39,242:6.3,217:6.18,143:6.17,128:5.83,115:5.8,241:5.76,398:5.31,468:5.11,18:5.06
138	139	409:4.21,411:3.34,476:3.09,306:3.06,350:2.97,213:2.96,348:2.83,464:2.67,160:2.65,9:2.63,457:2.62,134:2.46,99:2.35,112:2.35,130:2.33,142:2.32,76:2.22,119:2.2,367:2.16,131:2.14,368:2.09,224:2.09,365:2.09,395:2.08,342:2.03,186:1.93,321:1.88,55:1.86,260:1.8,419:1.79,319:1.79,226:1.69,346:1.69,91:1.65,230:1.64,340:1.62,87:1.6,423:1.56,171:1.51,73:1.44,369:1.44,121:1.41,141:1.36,272:1.22,199:1.21,80:1.19,62:1.08
140	141	409:4.2,411:3.35,476:3.14,306:3.06,350:2.98,213:2.94,348:2.92,464:2.63,160:2.62,9:2.6,134:2.53,457:2.51,142:2.34,99:2.33,112:2.3,130:2.29,119:2.24,76:2.22,368:2.15,367:2.14,365:2.12,224:2.1,131:2.09,395:2.07,342:2,321:1.93,186:1.91,55:1.85,260:1.84,319:1.82,419:1.79,226:1.74,346:1.67,91:1.64,340:1.62,87:1.6,230:1.58,423:1.53,171:1.51,369:1.45,121:1.45,73:1.43,139:1.35,272:1.23,199:1.19,80:1.18,62:1.08
147	148	372:34.47,329:29.31,444:19.04,334:17.18
148	149	373:35.16,445:29.61,230:16.61,330:13.07,334:5.55
152	153	388:11.48,253:11.48,192:10.63,70:9.25,114:9.11,2:8.78,44:8.64,315:8.47,413:8.01,47:6.7,345:1.97,421:1.11,455:1.03
153	154	465:10.75,254:10.35,470:8.7,182:7.98,332:6.45,275:5.93,3:5.75,389:5.31,407:5,103:4.89,346:4.88,45:4.78,71:4.68,460:4.64,272:3.63,421:1.65,455:1.48
155	156	240:17.24,5:16.9,77:15.38,219:13.73,256:12.92,391:12.77,58:6.65,228:2.11,323:1.56
156	157	59:12.62,126:11.62,467:10.39,136:10.3,78:9.63,38:9.56,257:8.22,392:8.21,6:8.07,229:7.45,324:2.97
158	159	61:10.25,394:8.84,8:8.82,184:8.69,320:8.62,222:8.03,364:7.83,117:6.23,259:6.01,400:5.75,279:5.64,211:4.9,195:4.76,366:1.49,458:1.24,140:1.16,138:1.15
159	160	350:6.19,9:5.34,134:4.97,130:4.7,131:4.31,367:4.31,368:4.3,395:4.16,365:4.15,224:4.13,186:3.85,55:3.77,321:3.76,260:3.68,419:3.63,91:3.31,230:3.2,369:2.91,121:2.86,73:2.76,141:2.68,139:2.61,272:2.43,80:2.37,199:2.3,62:2.12
161	162	301:5.94,108:5.73,446:5.61,137:5.46,264:5.15,351:5.03,40:5.01,20:4.99,206:4.82,176:4.75,432:4.43,441:4.4,288:4.39,210:4.32,53:4.29,113:4.26,352:4.18,277:4.17,22:3.72,164:3.64,400:3.01,203:2.68
163	164	198:3.42,264:3.18,351:3.09,40:3.06,20:3.04,162:3.04,176:2.98,206:2.96,295:2.85,428:2.84,335:2.81,414:2.79,36:2.78,432:2.72,441:2.68,288:2.65,424:2.64,113:2.64,210:2.63,234:2.61,53:2.61,416:2.61,352:2.59,277:2.51,227:2.47,291:2.36,85:2.25,22:2.22,284:2.2,189:2.18,207:2.14,398:2.13,18:2.05,357:1.99,178:1.81,400:1.8,42:1.8,279:1.72,203:1.61,226:1.56
165	166	83:7.56,198:7.46,347:6.49,176:6.23,267:6.13,402:6.09,12:6.01,414:5.96,441:5.75,313:5.74,314:5.73,193:5.5,284:4.73,269:4.26,15:4.24,168:4.18,413:4.06,47:3.61
167	168	33:6.03,30:6.02,93:5.85,347:5.81,267:5.44,12:5.41,402:5.38,414:5.28,166:5.15,314:5.09,313:5.02,193:4.8,70:4.24,284:4.18,44:4.01,315:3.92,2:3.87,269:3.86,15:3.69,413:3.68,47:3.17
170	171	26:4.06,479:4.04,310:4.02,82:4,101:3.99,125:3.83,457:3.53,99:3.34,181:3.29,119:3.2,117:3.12,367:3.08,368:3.04,224:2.9,342:2.86,279:2.82,186:2.77,321:2.72,55:2.68,419:2.67,319:2.61,226:2.51,211:2.41,195:2.35,340:2.29,87:2.24,423:2.17,369:2.02,141:1.93,139:1.88,272:1.72,80:1.7,199:1.65,62:1.52
172	25	309:22.7,179:22.69,81:22.58,100:16.21,170:15.81
173	35	209:11.16,431:10.7,84:10.51,333:10.49,216:9.88,133:9.87,397:9.82,17:9.52,427:9.31,83:8.72
174	39	52:7.97,287:7.94,132:7.93,300:7.72,276:7.71,396:7.67,399:7.66,235:7.6,163:7.58,21:7.58,175:7.56,16:7.54,19:7.54
175	176	301:6.94,108:6.73,446:6.57,137:6.52,264:6.13,40:6,351:5.93,20:5.87,162:5.83,206:5.74,288:5.23,441:5.12,53:5.07,352:5.04,277:4.97,22:4.4,164:4.34,400:3.54
176	468	474:8.7,469:8.55,233:7.71,463:7.02,123:7,217:6.81,143:6.77,242:6.71,430:6.43,169:6.43,426:5.36,130:5.32,142:5.3,472:5.21,6:4.71
177	178	469:4.22,414:3.8,123:3.52,416:3.48,122:3.43,326:3.41,358:3.31,277:3.31,227:3.24,291:3.16,430:3.13,65:3.13,97:3.01,22:2.98,164:2.93,85:2.9,189:2.89,207:2.82,398:2.82,18:2.72,357:2.62,334:2.61,437:2.56,472:2.52,426:2.5,142:2.5,124:2.43,42:2.32,338:2.23,337:2.23,279:2.2,203:1.97,344:1.96,226:1.93,80:1.42,199:1.38
179	180	404:27.5,239:23.88,100:21.62,170:21.25,81:1.54,417:1.44,311:1.4,312:1.38
180	181	466:13.16,405:10.41,135:10.34,26:9.58,310:9.51,101:9.34,82:9.31,125:9.13,462:8.97,171:5.87,312:1.24,417:1.22,311:1.21
183	184	61:9.89,394:8.46,8:8.38,159:8.33,320:8.13,222:7.66,364:7.34,119:5.88,117:5.88,259:5.59,400:5.42,279:5.32,211:4.67,195:4.54,140:1.37,138:1.37
187	188	274:5.41,43:5.19,459:5.17,331:5.16,1:5.16,252:5.15,225:5.15,271:5.13,152:5.1,102:5.08,425:5.08,177:5.07,387:5.04,84:5.02,333:5.01,458:4.97,397:4.75,17:4.56,345:4.52,83:4.28
188	189	198:4.15,421:3.53,176:3.47,455:3.36,253:3.24,388:3.23,414:3.22,153:3.22,441:3.14,416:2.97,192:2.87,277:2.85,227:2.77,291:2.76,85:2.59,182:2.59,22:2.57,164:2.54,284:2.52,114:2.52,207:2.44,2:2.41,398:2.4,18:2.39,413:2.26,334:2.23,357:2.21,332:2.17,42:2.05,275:2.04,279:2.01,178:1.97,47:1.83,286:1.81,226:1.7,346:1.66,45:1.65,71:1.65,460:1.61,272:1.3
190	424	295:5.07,428:4.98,233:4.94,335:4.88,36:4.85,234:4.69,288:4.62,432:4.61,53:4.58,113:4.55,210:4.54,352:4.5,463:4.44,217:4.29,115:4.21,128:4.11,241:4.1,22:4.01,164:3.92,85:3.85,398:3.8,18:3.6,203:2.75
191	192	421:8.72,455:8.22,388:8.13,153:8.11,253:8,70:6.41,114:6.26,189:6.14,2:6.05,44:6.03,315:5.82,357:5.56,413:5.49,286:4.64,47:4.59
193	469	127:7.53,212:5.82,205:5.4,123:5.29,416:5.23,227:4.96,169:4.83,213:4.78,430:4.76,348:4.67,398:4.33,18:4.16,468:4.09,334:4.02,130:3.97,472:3.92,426:3.91,142:3.87,6:3.51,178:3.5,214:3.28,226:3.08
194	195	51:5.65,75:5.08,105:4.8,28:4.72,159:4.59,8:4.57,394:4.55,184:4.5,247:4.47,320:4.45,364:4,444:3.76,207:3.62,457:3.51,323:3.33,221:3.2,119:3.15,117:3.1,259:3.01,400:2.94,279:2.89,342:2.87,319:2.68,211:2.5,226:2.46,340:2.39,171:2.3
198	430	197:6.34,359:5.87,469:4.81,123:3.86,416:3.82,291:3.63,227:3.58,169:3.48,461:3.47,398:3.23,85:3.21,18:3.1,442:3.03,468:2.95,334:2.93,426:2.89,357:2.88,142:2.86,452:2.84,130:2.83,332:2.82,472:2.81,435:2.64,42:2.6,6:2.58,275:2.57,342:2.54,178:2.5,229:2.41,319:2.35,226:2.25
200	429	477:21.23,356:18.58,354:18.05,442:10.7,478:10.67,426:10.27,94:8.61,93:1
204	205	127:13.05,212:10.31,414:9.84,123:9.36,416:9.19,291:8.61,213:8.44,348:8.14,413:6.87,49:6.68,214:5.83
207	472	469:4.62,450:4.23,232:4.07,123:3.83,416:3.8,169:3.56,227:3.55,430:3.44,330:3.3,85:3.16,473:3.13,398:3.13,464:3.01,18:2.95,323:2.94,468:2.9,426:2.86,208:2.83,334:2.8,357:2.78,142:2.76,130:2.74,112:2.73,76:2.61,6:2.49,178:2.44,389:2.24,260:2.21,226:2.17,344:2.13,340:2.04,34:1.98,31:1.95,423:1.9
209	210	20:4.06,264:4.05,40:4.01,351:3.96,162:3.89,206:3.8,176:3.74,295:3.67,335:3.61,428:3.6,36:3.59,432:3.52,441:3.44,53:3.44,288:3.43,352:3.32,234:3.31,424:3.31,113:3.31,277:3.24,241:3.09,115:3.04,128:3.03,22:2.93,164:2.9,85:2.86,398:2.78,18:2.67,400:2.29,203:2.08
215	461	197:9.66,359:8.9,362:7.82,471:7.38,430:5.42,473:4.98,442:4.68,478:4.6,332:4.29,452:4.22,131:4.09,365:4.03,435:4.01,342:3.93,275:3.93,229:3.6,319:3.59,91:3.34,460:3.14,87:3.09
216	217	474:5.84,36:5.11,428:5.09,233:5.07,335:5.06,295:5,432:4.86,463:4.76,424:4.74,234:4.7,210:4.67,113:4.64,242:4.56,143:4.5,128:4.4,115:4.37,241:4.28,85:4,398:3.9,18:3.74,468:3.71,203:2.92
218	219	5:18.45,156:18.24,77:16.48,256:14.35,391:14.31,58:7.5,240:3.92,324:3.83,323:1.83,228:1.1
220	221	362:7.48,51:7.15,215:7.01,105:6.06,28:5.9,247:5.58,364:4.95,444:4.71,207:4.55,478:4.35,323:4.35,112:4.02,124:3.97,76:3.9,259:3.83,195:3.06,34:3.03,340:2.99,31:2.99,460:2.94,423:2.93,87:2.92
221	473	362:8.12,471:7.62,450:6.71,232:6.52,461:5.42,330:5.28,464:4.86,478:4.73,208:4.63,112:4.32,472:4.29,131:4.14,76:4.09,365:4.01,389:3.59,260:3.56,91:3.32,344:3.31,31:3.24,34:3.15,460:3.12
223	224	457:4.69,134:4.63,99:4.42,117:4.09,119:4.07,368:4.03,367:3.95,342:3.68,186:3.63,321:3.5,55:3.46,419:3.42,319:3.4,226:3.19,91:3.1,340:3.01,87:2.89,423:2.88,171:2.82,369:2.66,121:2.64,73:2.64,141:2.47,139:2.41,272:2.22,80:2.13,199:2.12,62:2.04,184:1.12
228	229	197:8.5,359:7.79,324:6.46,126:5.07,430:4.78,461:4.69,467:4.56,157:4.49,136:4.46,78:4.28,38:4.25,323:4.12,442:4.09,332:3.73,452:3.7,257:3.63,392:3.6,6:3.51,435:3.51,275:3.47,342:3.47,319:3.14
231	232	450:8.16,28:7.86,330:6.4,473:6.22,464:6.01,323:5.73,208:5.54,221:5.3,472:5.28,112:5.23,76:5.04,389:4.4,260:4.31,344:4.11,340:3.91,34:3.88,31:3.85,423:3.76,105:1.09,51:1.05
233	474	424:11.26,463:10.99,143:10.87,242:10.77,217:10.76,128:10.29,241:10.26,115:10.07,468:8.92
236	106	57:15.62,297:15,286:10.37,214:10.33,308:10.27,454:8.2,67:7.96,62:6.73,68:5.41,256:2.75,391:2.71,475:2.53,448:1.19
236	107	57:18.16,297:17.31,214:11.65,308:11.64,286:11.48,454:8.81,62:7.08,67:5.18,68:3.39,256:1.59,391:1.57,475:1.4
236	237	57:13.1,297:12.59,67:10.1,308:9.06,214:8.96,286:8.89,68:7.2,454:7.17,62:6.12,391:4.16,256:4.08,475:3.93,448:2.51,392:1.07,257:1.05
238	124	362:7.85,215:7.43,122:5.76,326:5.67,358:5.54,375:5.26,65:5.19,97:5.18,364:5.14,478:4.48,437:4.25,221:4.21,338:3.74,337:3.73,178:3.71,308:3.57,203:3.4,344:3.21,87:3.04,460:2.96,199:2.37,80:2.35
239	125	405:11.72,135:11.69,26:11.08,310:10.82,82:10.76,101:10.62,462:10.28,181:8.89,171:6.52,466:2.37,417:1.36,311:1.32,479:1.28,312:1.28
240	126	324:13.07,136:9.06,467:9.04,157:8.99,78:8.63,38:8.52,323:8.25,257:7.28,392:7.22,6:7.1,229:6.62,59:1.6,5:1.08,156:1.03
246	247	299:9.26,185:9.1,305:8.12,51:7.23,95:6.88,75:6.6,105:6.22,28:6.14,222:5.49,444:5.03,219:4.92,207:4.87,221:4.45,259:4.19,338:3.99,337:3.88,195:3.4
247	248	450:10.27,445:10.01,476:8.8,306:8.53,330:8.45,473:7.82,464:7.67,208:7.28,142:6.89,472:6.78,260:5.82,389:5.77,409:1.26
252	253	388:11.51,153:11.44,192:10.49,70:9.19,114:9.03,2:8.76,44:8.68,315:8.63,413:7.94,47:6.75,345:2.01,421:1.11,455:1.05
253	254	465:11.55,154:9.63,470:9.45,182:8.43,275:6.45,3:6.17,389:5.72,407:5.35,103:5.32,346:5.3,45:5.23,71:5.08,460:4.91,272:3.98,455:1.92,421:1.26
255	256	240:16.93,5:16.85,156:16.78,77:14.89,219:13.43,391:12.49,58:5.55,228:1.41,323:1.2
256	257	68:9.16,448:8.28,59:7.99,126:7.39,136:6.6,467:6.58,157:6.52,38:6.19,78:6.18,475:5.5,392:5.34,6:5.07,229:4.76,214:4.58,454:3.54,62:2.86
258	259	61:10.03,8:8.67,184:8.65,159:8.58,394:8.58,320:8.41,222:7.82,364:7.57,117:6.03,400:5.64,279:5.57,211:4.92,195:4.72,366:1.27,458:1.05,138:1.01,140:1
259	260	450:4.81,232:4.61,350:3.85,330:3.68,473:3.51,160:3.39,9:3.38,464:3.33,208:3.14,134:3.12,472:2.96,130:2.91,112:2.88,76:2.86,131:2.75,395:2.71,367:2.69,368:2.68,365:2.67,186:2.5,55:2.39,321:2.38,389:2.34,419:2.31,344:2.22,91:2.19,31:2.08,230:2.08,34:2,369:1.91,121:1.78,73:1.78,139:1.73,141:1.72,80:1.54,199:1.5,62:1.41
261	262	302:27.05,198:25.1,215:23.76,319:13.31,359:3.97,274:1.66,332:1.28,435:1.16,275:1.1
263	264	301:5.47,108:5.3,137:5.15,446:5.15,351:4.72,40:4.65,20:4.64,162:4.55,176:4.43,206:4.4,335:4.25,53:4.07,432:4.05,441:4.02,288:4.02,352:3.95,210:3.94,113:3.9,277:3.77,22:3.49,164:3.48,85:3.36,400:2.79,203:2.44
265	266	14:17.8,11:17.67,10:16.18,412:16.17,13:16.12,401:16.07
265	268	14:17.61,11:17.59,412:16.24,10:16.22,401:16.22,13:16.12
266	267	347:10.28,402:9.69,12:9.59,314:9.06,313:9.03,166:8.97,193:8.55,284:7.49,269:6.71,15:6.68,168:6.62,47:5.52,451:1.06
268	269	347:10.02,12:9.46,267:9.37,402:9.36,314:8.86,166:8.84,313:8.77,193:8.51,284:7.25,15:6.46,168:6.36,47:5.4
270	271	258:3.38,393:3.36,79:3.34,54:3.32,370:3.31,120:3.31,98:3.31,422:3.28,118:3.28,158:3.28,366:3.28,456:3.27,341:3.27,86:3.27,7:3.26,418:3.24,274:3.19,252:3.11,331:3.09,387:3.08,1:3.06,459:3.05,43:3.05,152:3.03,102:2.99,458:2.94,140:2.94,138:2.92,188:2.91,72:2.86,345:2.83,170:2.17
271	272	421:4.18,455:3.91,154:3.37,470:3.33,182:2.95,114:2.79,189:2.78,457:2.6,134:2.52,99:2.44,357:2.43,332:2.35,119:2.32,117:2.31,368:2.2,224:2.16,275:2.15,367:2.15,342:2.08,3:2.04,55:1.99,186:1.98,286:1.94,321:1.9,319:1.88,389:1.86,407:1.85,419:1.84,226:1.83,103:1.76,346:1.76,91:1.72,45:1.7,460:1.7,71:1.7,340:1.7,87:1.64,171:1.56,423:1.55,369:1.52,121:1.48,73:1.47,141:1.41,139:1.35,199:1.2,80:1.19,62:1.12
273	274	271:9.39,43:9.32,1:9.25,102:9.24,152:9.21,387:9.18,459:9.18,331:9.12,252:9.12,188:8.73,345:8.27
274	275	197:7.28,359:6.67,421:5.15,455:4.88,470:4.26,154:4.14,461:4.07,430:3.96,182:3.84,114:3.59,189:3.58,442:3.45,357:3.21,452:3.18,332:3.09,435:2.94,3:2.75,342:2.75,229:2.72,389:2.58,319:2.57,286:2.56,103:2.44,346:2.43,407:2.39,45:2.38,71:2.3,460:2.25,272:1.8
276	277	198:3.53,137:3.49,446:3.45,264:3.3,20:3.17,40:3.17,351:3.11,162:3.09,206:3.04,176:2.99,335:2.84,414:2.84,36:2.78,432:2.74,53:2.7,441:2.69,288:2.69,113:2.65,352:2.62,210:2.59,234:2.58,166:2.57,193:2.55,227:2.48,291:2.4,22:2.3,164:2.29,85:2.29,189:2.23,284:2.2,207:2.14,18:2.08,357:2.01,42:1.84,400:1.82,279:1.77,178:1.77,226:1.62,203:1.59
278	279	198:4.47,176:3.8,414:3.49,441:3.4,159:3.35,166:3.3,394:3.28,184:3.28,193:3.22,8:3.22,320:3.2,277:3.1,227:3.03,291:2.92,364:2.8,22:2.76,85:2.76,284:2.74,164:2.74,189:2.65,207:2.65,457:2.56,18:2.47,357:2.45,117:2.31,119:2.29,259:2.27,400:2.21,42:2.14,178:2.09,342:2.05,319:1.93,211:1.83,226:1.82,340:1.8,195:1.79,171:1.63
280	281	436:14.48,374:14.42,433:14.42,307:14.36,360:14.33,238:14.3,343:13.69
281	282	196:12.89,326:11.9,65:11.02,97:10.86,437:8.77,178:7.78,344:6.73,103:6.64,121:5.63,199:4.84,80:4.78,376:3.22,122:1.51
281	475	196:11.73,326:10.93,65:10.14,97:10.12,437:8.24,178:7.42,344:6.57,103:6.36,121:5.66,376:4.81,80:4.74,199:4.68,122:2.39,358:1.43,124:1.37,375:1.24
283	284	61:4.79,414:4.3,402:4.29,267:4.28,12:4.23,313:4.01,314:4.01,166:4.01,184:3.99,394:3.99,8:3.98,159:3.98,320:3.89,193:3.88,222:3.72,364:3.59,269:3.02,15:2.95,168:2.94,117:2.84,413:2.82,49:2.8,259:2.78,119:2.77,400:2.6,279:2.56,47:2.38,211:2.21,195:2.18
285	286	421:9.42,455:8.84,192:7.69,182:6.98,114:6.63,189:6.62,357:5.93,332:5.74,413:5.7,275:5.27,407:4.5,346:4.36,45:4.31,71:4.24,460:4.15,272:3.31
287	288	264:4.6,20:4.39,40:4.39,162:4.39,351:4.28,206:4.18,176:4.14,335:4.03,428:4,295:3.98,36:3.96,441:3.8,432:3.8,234:3.74,424:3.71,113:3.71,53:3.7,210:3.65,277:3.6,352:3.58,164:3.17,22:3.17,85:3.15,398:3.11,18:2.98,400:2.48,203:2.31
288	289	143:36.03,242:35.88,468:28.09
290	291	127:6.84,212:5.3,232:5.2,105:5.19,414:5.16,28:5.09,205:4.97,123:4.8,416:4.78,348:4.22,284:3.98,207:3.93,323:3.75,221:3.5,413:3.39,49:3.38,112:3.38,76:3.34,214:2.9,344:2.72,340:2.69,195:2.68,31:2.63,34:2.61,423:2.54
290	292	204:7.26,27:7.25,46:7.25,283:7.22,50:7.19,339:7.19,74:7.18,322:7.16,246:7.16,328:7.15,165:7.15,443:7.13,48:7.11,343:6.61
293	294	190:8.96,327:8.89,397:8.85,216:8.72,133:8.67,427:8.53,17:8.5,301:8.06,83:7.73,137:7.73,108:7.72,446:7.66
294	295	428:5,335:4.97,233:4.93,36:4.84,432:4.79,288:4.69,424:4.65,53:4.6,113:4.57,210:4.56,234:4.55,463:4.5,352:4.5,217:4.4,241:4.17,128:4.17,115:4.15,164:3.93,85:3.88,22:3.82,398:3.75,18:3.67,203:2.76
296	297	237:13.86,107:13.74,106:13.67,68:12.89,57:10.22,475:8.01,214:6.66,286:6.59,454:5.26,62:4.35,67:1.8
298	183	263:7.97,293:7.95,39:7.93,21:7.68,396:7.65,300:7.63,276:7.62,16:7.62,163:7.61,19:7.6,235:7.6,399:7.58,175:7.55
299	476	409:11.53,411:9.44,306:8.7,213:8.6,348:8.23,464:7.85,142:6.93,112:6.91,76:6.8,346:5.28,369:4.71,248:4.49,139:4.47,141:4.39,305:1.23
300	301	294:8.39,327:7.98,190:7.92,17:7.51,427:7.49,108:6.92,83:6.9,446:6.79,137:6.76,20:6.26,162:6.1,206:5.91,176:5.8,441:5.43,400:3.83
304	305	185:15.6,75:11.25,205:10.13,247:10.02,227:9.37,375:9.01,82:8.73,219:8.35,337:6.78,338:6.71,303:1.24,299:1.1
305	306	409:7.76,212:7.13,448:7.09,411:6.41,476:6.07,213:5.85,348:5.61,462:5.39,464:5.23,208:4.96,112:4.74,142:4.72,437:4.63,76:4.47,395:4.26,346:3.51,369:3.17,139:2.96,141:2.96,248:1.15,376:1.12
307	308	67:16.97,64:13.37,202:13.29,358:10.44,375:9.83,256:8.52,391:8.43,338:7.46,337:7.38
309	310	479:12.63,26:12.58,101:12.39,82:12.36,125:12.08,181:10.57,171:8.18,311:4.16,417:4.14,312:4.14,466:2.33,135:1.61,405:1.61,462:1.23
315	407	465:5.55,254:5.29,470:4.56,154:4.49,89:4.36,317:4.32,169:4.23,336:4.19,110:4.18,182:4.1,357:3.41,332:3.33,452:3.27,435:3.13,275:3.03,42:2.98,3:2.89,94:2.82,389:2.66,286:2.63,103:2.52,346:2.51,45:2.44,71:2.41,460:2.38,34:2.33,31:2.32,73:2.11,454:2.05,272:1.84
316	317	24:10.45,89:8.1,110:7.81,336:7.54,452:6.14,49:5.86,42:5.64,435:5.59,94:5.08,407:4.73,211:4.67,45:4.57,71:4.49,31:4.43,34:4.4,454:3.8,93:1.7
318	319	262:8.78,359:6.36,215:5.14,430:3.67,442:3.14,457:3.03,99:2.88,332:2.77,119:2.73,452:2.72,368:2.66,117:2.65,367:2.62,275:2.57,435:2.56,224:2.48,342:2.47,229:2.44,186:2.43,279:2.41,55:2.31,321:2.31,419:2.29,226:2.15,211:2.12,340:2.05,195:2.01,423:1.97,87:1.97,171:1.92,369:1.75,139:1.71,141:1.69,272:1.53,199:1.53,80:1.5,62:1.4
320	321	350:4.4,160:3.81,9:3.75,457:3.56,134:3.51,99:3.38,130:3.31,119:3.16,131:3.09,368:3.07,367:3.04,365:2.92,395:2.91,342:2.91,224:2.87,55:2.75,186:2.72,319:2.67,419:2.59,260:2.54,226:2.48,230:2.39,91:2.37,340:2.29,87:2.22,171:2.15,423:2.13,369:2.05,121:2.05,73:1.97,141:1.86,139:1.83,272:1.68,199:1.67,80:1.61,62:1.49
322	323	324:8.61,105:7.46,232:7.37,28:7.31,126:6.52,207:5.56,38:5.53,78:5.49,221:5.08,112:5,76:4.78,229:4.26,344:3.88,195:3.79,340:3.76,34:3.68,31:3.66,423:3.55
325	326	122:9.68,358:9.36,97:8.81,65:8.8,437:7.25,124:7.21,178:6.47,338:6.43,337:6.43,203:5.78,344:5.64,80:4.03,199:3.98,64:2.17,202:2.06,282:1.69,196:1.39,375:1.15
328	329	104:25.1,231:25.06,449:24.96,111:24.88
329	330	450:8.5,232:8.39,473:6.67,464:6.33,208:5.98,334:5.78,112:5.64,472:5.59,76:5.44,260:4.71,389:4.61,344:4.43,31:4.17,340:4.17,34:4.14,230:4.02,423:4,148:1.08,372:1.06,28:1.02
331	332	421:10.04,455:9.71,182:7.58,114:7.18,189:7.13,357:6.43,275:5.8,286:5.15,407:4.86,346:4.77,103:4.77,71:4.66,45:4.62,460:4.49,272:3.67,465:1.08,254:1.03
333	334	474:3.62,469:3.42,428:3.24,36:3.19,295:3.19,335:3.17,233:3.07,432:3,113:2.93,424:2.91,123:2.9,416:2.87,463:2.87,217:2.85,234:2.83,210:2.81,227:2.72,169:2.69,430:2.67,291:2.67,128:2.64,115:2.63,241:2.62,22:2.47,85:2.44,164:2.44,189:2.41,398:2.4,18:2.31,357:2.19,426:2.16,472:2.15,142:2.09,6:2,42:1.99,178:1.91,203:1.77,226:1.7
339	340	105:4.37,28:4.32,232:4.26,207:3.19,457:3.11,323:2.98,208:2.97,112:2.82,472:2.81,99:2.79,221:2.78,119:2.67,117:2.66,76:2.63,368:2.58,367:2.55,224:2.5,279:2.46,342:2.43,186:2.29,321:2.27,55:2.23,419:2.21,319:2.21,226:2.15,344:2.12,211:2.02,195:2.01,31:1.96,34:1.94,87:1.91,423:1.89,171:1.81,369:1.78,139:1.63,141:1.59,272:1.45,80:1.41,199:1.4,62:1.28
341	342	457:4.84,99:4.44,119:4.2,117:4.13,367:4.06,368:4.06,224:3.9,279:3.85,321:3.63,186:3.59,55:3.56,419:3.47,319:3.47,226:3.26,195:3.16,211:3.1,340:3.08,87:3.03,423:2.94,171:2.92,369:2.76,139:2.58,141:2.56,272:2.29,199:2.24,80:2.21,62:2.05,8:1.01,320:1
343	344	282:4.73,450:4.46,232:4.38,196:4.32,28:4.3,122:3.98,326:3.94,65:3.66,97:3.64,330:3.55,473:3.37,464:3.18,323:3.05,208:3.02,221:2.93,437:2.91,475:2.88,124:2.88,472:2.88,112:2.86,76:2.78,178:2.55,260:2.45,389:2.41,203:2.29,103:2.19,340:2.1,31:2.08,423:2.07,34:2.06,121:1.9,80:1.59,199:1.57
345	346	409:4.79,421:4.65,465:4.63,254:4.46,455:4.31,470:3.82,411:3.81,154:3.81,476:3.63,306:3.51,182:3.46,213:3.44,348:3.4,189:3.2,464:3.13,357:2.92,142:2.83,112:2.82,332:2.82,76:2.65,275:2.63,3:2.47,389:2.3,286:2.29,407:2.18,103:2.13,45:2.11,71:2.1,460:2.01,369:1.89,141:1.78,139:1.74,272:1.65
347	348	127:7.47,409:6.32,469:6.21,212:5.75,205:5.35,123:5.29,416:5.26,411:5.24,291:4.85,476:4.84,213:4.8,306:4.8,464:4.33,142:3.85,112:3.81,49:3.75,76:3.64,214:3.2,346:2.89,369:2.65,139:2.49,141:2.49
349	350	9:6.53,160:6.42,134:5.99,130:5.7,131:5.23,395:5.02,365:4.97,186:4.7,55:4.62,321:4.56,419:4.49,260:4.44,91:4.09,230:3.93,121:3.5,73:3.35,141:3.27,139:3.27,199:2.84,80:2.75,62:2.6
353	354	200:17.2,356:16.93,429:14.62,479:10.96,442:9.83,478:9.67,426:9.29,94:7.86,477:1.3,93:1.26,302:1.09
355	356	200:17.21,354:16.57,429:14.6,479:10.99,442:9.81,478:9.65,426:9.4,94:7.84,477:1.38,93:1.36,302:1.2
356	477	429:23.28,442:15.8,478:15.67,426:15,94:12.75,354:9.48,200:5.39,479:2.63
360	202	64:18.66,358:15.17,375:14.58,337:11.13,338:11.05,308:10.66,122:3.02,201:2.81,96:2.79,325:2.77,102:2.34,124:1.86,203:1.28
361	362	471:21.33,461:15.39,221:12.31,124:12.2,91:9.71,87:9.05,460:9.01,215:4.36,364:2.21,473:1.98,131:1.25,365:1.21
361	478	471:18.31,461:13.95,221:11.57,124:11.32,91:9.17,87:8.79,460:8.57,215:6.3,364:3.7,473:3.42,131:2.48,365:2.4
363	364	215:8.71,61:8.57,159:7.27,8:7.26,394:7.23,184:7.19,320:7.07,222:6.64,119:5.1,221:5.08,117:5.02,259:4.87,400:4.75,279:4.6,211:3.93,195:3.93
364	365	362:6.77,471:6.32,350:4.43,461:4.4,473:4,160:3.86,9:3.84,134:3.62,478:3.6,130:3.44,367:3.17,368:3.11,395:3.09,131:3.09,224:3.02,186:2.86,321:2.8,55:2.75,419:2.73,260:2.63,91:2.44,230:2.34,460:2.31,369:2.18,121:2.14,73:2.09,141:2,139:1.95,272:1.83,80:1.79,199:1.75,62:1.59
366	367	160:4.58,9:4.55,457:4.27,134:4.19,99:4.02,117:3.74,119:3.73,395:3.54,365:3.53,224:3.5,342:3.43,186:3.2,321:3.17,55:3.16,419:3.11,319:3.04,226:2.88,91:2.84,340:2.72,87:2.63,423:2.59,171:2.58,121:2.42,369:2.42,73:2.35,141:2.19,139:2.19,272:2,80:1.94,199:1.93,62:1.78
366	368	9:4.31,160:4.25,457:4.16,134:4.06,99:3.93,119:3.67,117:3.55,395:3.47,365:3.44,224:3.42,342:3.31,186:3.17,55:3.12,321:3.11,419:3.07,319:3.02,226:2.84,91:2.75,340:2.71,87:2.63,423:2.55,171:2.51,121:2.42,369:2.37,73:2.36,139:2.23,141:2.19,272:1.98,199:1.96,80:1.91,62:1.76
371	372	148:34.45,329:29.29,444:19.11,334:17.15
372	373	149:35.25,445:29.51,230:16.5,330:13.2,334:5.54
374	375	303:16.08,305:12.67,202:11.04,64:11.01,122:9,358:8.65,124:6.77,337:6.11,338:6.01,308:5.79,203:5.55
375	376	282:11.9,448:11.29,196:10.88,476:9.53,306:9.26,462:8.58,208:7.84,475:7.54,395:6.96,103:5.8,121:5.15,212:1.42,411:1.06
387	388	153:11.57,253:11.37,192:10.49,70:9.23,114:9.01,2:8.67,44:8.66,315:8.56,413:8.1,47:6.76,345:2,421:1.12,455:1.03
388	389	465:10.38,254:10.12,154:8.57,470:8.56,182:7.64,332:6.19,275:5.78,3:5.59,103:4.84,407:4.84,346:4.8,45:4.71,71:4.61,460:4.49,272:3.68,421:1.38,455:1.23
390	391	5:16.86,240:16.84,156:16.72,77:14.93,219:13.51,256:12.48,58:5.57,228:1.38,323:1.25
391	392	68:8.99,448:8.42,59:7.89,126:7.39,136:6.65,467:6.63,157:6.58,78:6.23,38:6.14,475:5.58,257:5.13,6:5.12,229:4.78,214:4.56,454:3.55,62:2.88
393	394	61:10.24,159:8.84,8:8.8,320:8.68,184:8.61,222:8.01,364:7.83,117:6.25,259:5.94,400:5.75,279:5.74,211:4.94,195:4.79,366:1.45,458:1.21,140:1.19,138:1.16
394	395	350:6.06,160:5.32,9:5.26,134:4.97,130:4.76,367:4.27,131:4.24,368:4.22,365:4.14,224:4.08,186:3.8,321:3.78,260:3.62,419:3.62,55:3.61,91:3.3,230:3.22,121:2.87,369:2.85,73:2.76,139:2.67,141:2.62,272:2.32,80:2.28,199:2.26,62:2.13
396	397	35:6.28,431:6.25,425:6.19,225:6.13,177:6.09,333:6.05,458:6.03,294:6.02,84:5.91,188:5.88,327:5.82,216:5.81,190:5.72,133:5.72,17:5.51,427:5.45,83:5.15
397	398	469:3.23,295:2.98,428:2.96,335:2.92,233:2.88,36:2.88,432:2.8,113:2.76,53:2.76,210:2.74,424:2.72,463:2.72,234:2.7,123:2.7,288:2.69,416:2.68,352:2.65,277:2.61,217:2.53,115:2.5,430:2.49,291:2.47,241:2.47,128:2.44,227:2.44,164:2.35,85:2.32,22:2.3,18:2.18,207:2.16,189:2.14,334:2.08,357:2.05,426:2.03,472:1.99,142:1.96,279:1.84,178:1.82,42:1.81,203:1.62,226:1.61
399	400	301:6.23,108:5.94,137:5.92,446:5.84,264:5.37,20:5.29,351:5.29,40:5.27,162:5.22,176:5.09,206:5,441:4.61,53:4.61,288:4.6,352:4.5,210:4.44,113:4.43,277:4.42,164:3.99,22:3.94
401	402	347:10.2,12:9.79,267:9.67,166:9.02,314:8.95,313:8.92,193:8.71,284:7.52,269:6.77,15:6.6,168:6.59,47:5.51,451:1.04
403	404	180:27.68,239:23.89,100:21.44,170:21.25,81:1.47,417:1.43,311:1.43,312:1.41
404	405	466:16.8,135:12.89,26:11.9,310:11.8,101:11.59,125:11.4,462:11.09,181:9.56,82:1.52,479:1.1
406	315	30:7.42,33:7.3,93:7.12,24:7.05,253:6.42,153:6.36,388:6.32,192:5.85,70:5.21,114:5.06,44:4.83,2:4.83,269:4.58,168:4.5,15:4.5,413:4.48,47:3.77,211:3.48
408	409	411:9.58,476:9.05,306:8.94,213:8.63,348:8.38,464:7.99,142:7.02,112:6.94,76:6.73,346:5.35,369:4.81,139:4.53,141:4.41,305:2.89,185:2.15
410	411	409:6.7,448:6.28,212:6.19,205:5.7,227:5.2,476:5.16,306:5.07,213:5.02,348:4.83,82:4.79,462:4.6,464:4.51,208:4.15,142:4.05,437:3.99,112:3.91,76:3.87,395:3.73,346:3,369:2.75,139:2.57,141:2.57
412	413	12:8.09,267:8.02,402:8,313:7.49,314:7.49,166:7.47,205:7.15,193:7.09,291:6.43,284:6.19,269:5.51,168:5.47,15:5.46,49:5.04,47:4.58
412	414	267:7.9,402:7.85,12:7.82,313:7.38,166:7.37,314:7.37,205:7.15,193:6.99,291:6.51,284:6.12,269:5.46,168:5.39,15:5.38,49:5.02,47:4.54
415	416	127:5.7,469:4.91,212:4.53,205:4.18,123:4.12,277:3.88,227:3.78,291:3.71,430:3.71,213:3.7,348:3.48,164:3.47,22:3.42,85:3.39,189:3.35,207:3.29,398:3.26,18:3.19,426:3.05,357:3.04,334:3.02,142:2.97,472:2.93,49:2.82,42:2.75,178:2.62,279:2.62,214:2.43,226:2.3
418	419	350:4.36,160:3.76,9:3.71,134:3.57,457:3.56,99:3.34,130:3.34,119:3.15,131:3.05,368:3.03,367:3.03,365:2.95,395:2.94,224:2.9,342:2.85,186:2.73,55:2.64,321:2.63,319:2.61,260:2.59,226:2.44,91:2.43,230:2.26,340:2.23,87:2.2,423:2.2,171:2.12,369:2.05,73:1.97,121:1.97,141:1.89,139:1.84,272:1.7,199:1.64,80:1.62,62:1.52
420	421	455:7.1,388:6.9,153:6.9,253:6.89,192:6.33,182:5.57,189:5.4,114:5.3,2:5.06,357:4.72,413:4.66,332:4.62,275:4.22,47:3.93,286:3.73,346:3.57,45:3.48,71:3.35,460:3.26,272:2.65
422	423	457:4.59,99:4.24,119:3.96,117:3.92,368:3.91,367:3.8,224:3.66,279:3.63,342:3.63,186:3.44,321:3.41,55:3.35,419:3.28,319:3.27,226:3.08,211:2.99,195:2.92,340:2.86,87:2.78,171:2.72,369:2.59,73:2.51,121:2.5,139:2.43,141:2.37,272:2.16,199:2.08,80:2.07,62:1.92
425	426	477:6.4,356:5.71,354:5.51,469:4.85,429:4.81,123:3.96,416:3.96,430:3.71,227:3.7,291:3.58,169:3.54,85:3.39,189:3.3,398:3.23,442:3.21,478:3.19,18:3.19,468:3.12,334:3,472:2.95,357:2.95,142:2.9,130:2.89,42:2.71,6:2.69,178:2.66,94:2.45,226:2.35
427	428	295:5.07,233:4.97,335:4.9,36:4.9,432:4.73,234:4.65,53:4.64,288:4.6,424:4.59,210:4.55,463:4.54,113:4.52,352:4.52,217:4.35,241:4.18,115:4.17,128:4.16,164:3.94,22:3.92,85:3.81,398:3.75,18:3.64,203:2.76
431	432	264:4.26,40:4.21,351:4.17,20:4.15,162:4.05,206:3.94,428:3.87,295:3.77,335:3.75,36:3.68,441:3.62,210:3.56,53:3.53,288:3.52,234:3.51,113:3.5,424:3.47,352:3.45,277:3.35,241:3.21,128:3.19,115:3.06,164:3.06,22:2.97,85:2.93,398:2.89,18:2.78,400:2.4,203:2.14
433	358	64:15.46,202:15.44,122:12.32,375:11.11,124:9.04,338:8.18,337:8.11,308:7.8,203:7.31,326:1.56,97:1.31
434	435	197:7.96,359:7.25,24:5.77,89:4.58,461:4.36,317:4.34,430:4.28,110:4.23,336:4.23,442:3.74,332:3.43,452:3.43,49:3.32,42:3.2,275:3.09,342:3.07,3:3.04,229:2.89,94:2.85,319:2.79,407:2.63,45:2.56,71:2.53,31:2.52,34:2.46,73:2.26,454:2.25
436	437	282:5.39,448:5.26,212:5.19,196:5.03,205:4.73,326:4.69,122:4.68,411:4.54,227:4.36,476:4.33,306:4.22,65:4.22,97:4.14,82:3.97,462:3.95,208:3.54,475:3.46,124:3.36,395:3.09,178:3.01,203:2.71,344:2.68,103:2.61,121:2.26,80:1.91,199:1.87
438	185	299:15.88,305:14.32,95:12.27,75:11.51,247:10.28,222:9.83,219:8.75,337:7.08,338:7.04
439	122	326:9.14,358:8.72,65:8.39,375:8.19,97:8.18,437:6.75,124:6.7,178:6.08,337:5.98,338:5.92,203:5.41,344:5.19,199:3.79,80:3.75,64:1.87,202:1.86,282:1.43,196:1.24
440	113	20:4.1,264:4.07,40:4.04,351:3.95,162:3.88,176:3.8,206:3.75,428:3.7,36:3.64,335:3.59,295:3.58,432:3.49,441:3.47,288:3.44,234:3.39,53:3.38,352:3.37,424:3.34,210:3.29,277:3.26,241:2.99,128:2.97,164:2.96,115:2.95,22:2.88,85:2.83,398:2.77,18:2.68,400:2.36,203:2.08
443	444	372:11.29,148:11.23,51:9.93,95:9.51,75:8.88,105:8.57,28:8.42,247:8.07,207:6.6,221:6.05,259:5.72,195:4.64
444	445	373:21.9,149:21.71,230:13.68,450:7.39,330:5.92,473:5.3,464:5.15,208:4.74,472:4.39,260:3.44,389:3.43,232:1.02
446	143	474:13.43,233:11.81,463:10.76,217:10.54,242:10.44,128:10.06,241:9.98,115:9.95,468:8.63
447	448	68:17.06,297:12.81,475:10.8,257:10.12,392:10.06,214:8.89,454:7.06,62:5.72,107:4.59,106:4.57,237:4.56,57:2.7,286:1.06
449	450	232:10.22,330:8.2,473:8.06,464:7.67,208:7.15,472:6.78,112:6.72,76:6.57,260:5.66,389:5.62,344:5.25,31:4.93,34:4.88,423:4.8,445:2.06,28:1.76,105:1.09
451	452	127:6.57,469:5.6,212:5.1,205:4.67,123:4.62,416:4.56,89:4.34,317:4.28,291:4.27,169:4.24,110:4.22,213:4.15,336:4.06,348:3.93,49:3.26,435:3.1,42:3.02,3:2.97,94:2.82,214:2.75,407:2.56,45:2.51,71:2.48,31:2.46,34:2.43,454:2.18,73:2.17
453	454	237:5.55,107:5.51,106:5.5,68:5.14,448:4.69,89:4.06,57:4.03,317:3.93,297:3.9,169:3.85,110:3.83,336:3.79,475:3.06,452:3.03,49:2.98,257:2.85,435:2.85,42:2.82,392:2.82,3:2.74,94:2.6,214:2.53,286:2.51,45:2.31,407:2.31,34:2.25,71:2.24,31:2.2,73:2.04,62:1.59
456	457	99:4.52,117:4.26,119:4.2,367:4.14,368:4.03,224:4.03,279:3.89,342:3.85,186:3.68,55:3.62,321:3.57,319:3.56,419:3.54,226:3.31,87:3.12,211:3.1,195:3.1,340:3.09,423:2.93,171:2.91,369:2.77,139:2.63,141:2.57,272:2.33,199:2.25,80:2.2,62:2.05,394:1.16,159:1.15,8:1.15,320:1.13,184:1.09
458	226	414:3.42,416:3.18,123:3.11,277:3.09,227:2.94,291:2.91,430:2.9,164:2.71,22:2.66,189:2.62,85:2.6,207:2.56,398:2.52,18:2.43,457:2.42,426:2.33,334:2.31,357:2.27,99:2.27,472:2.21,117:2.14,119:2.11,367:2.08,368:2.06,42:2.04,178:1.99,224:1.97,342:1.96,186:1.92,279:1.9,321:1.85,55:1.82,319:1.81,419:1.77,211:1.63,340:1.63,195:1.61,87:1.54,171:1.53,423:1.5,369:1.38,141:1.34,139:1.31,272:1.21,80:1.16,199:1.14,62:1.1
459	460	362:5.52,471:5.18,421:4.89,465:4.88,254:4.66,455:4.58,470:4.02,154:3.95,461:3.66,182:3.62,473:3.42,189:3.34,478:3.14,332:2.99,357:2.98,221:2.94,124:2.87,131:2.81,365:2.73,275:2.73,3:2.55,389:2.42,286:2.38,407:2.33,346:2.26,103:2.23,91:2.22,45:2.16,71:2.12,87:2.12,272:1.69
