1	BULBASAUR
2	IVYSAUR
3	VENUSAUR
4	CHARMANDER
5	CHARMELEON
6	CHARIZARD
7	SQUIRTLE
8	WARTORTLE
9	BLASTOISE
10	CATERPIE
11	METAPOD
12	BUTTERFREE
13	WEEDLE
14	KAKUNA
15	BEEDRILL
16	PIDGEY
17	PIDGEOTTO
18	PIDGEOT
19	RATTATA
20	RATICATE
21	SPEAROW
22	FEAROW
23	EKANS
24	ARBOK
25	PIKACHU
26	RAICHU
27	SANDSHREW
28	SANDSLASH
29	NIDORAN F
30	NIDORINA
31	NIDOQUEEN
32	NIDORAN M
33	NIDORINO
34	NIDOKING
35	CLEFAIRY
36	CLEFABLE
37	VULPIX
38	NINETALES
39	JIGGLYPUFF
40	WIGGLYTUFF
41	ZUBAT
42	GOLBAT
43	ODDISH
44	GLOOM
45	VILEPLUME
46	PARAS
47	PARASECT
48	VENONAT
49	VENOMOTH
50	DIGLETT
51	DUGTRIO
52	MEOWTH
53	PERSIAN
54	PSYDUCK
55	GOLDUCK
56	MANKEY
57	PRIMEAPE
58	GROWLITHE
59	ARCANINE
60	POLIWAG
61	POLIWHIRL
62	POLIWRATH
63	ABRA
64	KADABRA
65	ALAKAZAM
66	MACHOP
67	MACHOKE
68	MACHAMP
69	BELLSPROUT
70	WEEPINBELL
71	VICTREEBEL
72	TENTACOOL
73	TENTACRUEL
74	GEODUDE
75	GRAVELER
76	GOLEM
77	PONYTA
78	RAPIDASH
79	SLOWPOKE
80	SLOWBRO
81	MAGNEMITE
82	MAGNETON
83	FARFETCH'D
84	DODUO
85	DODRIO
86	SEEL
87	DEWGONG
88	GRIMER
89	MUK
90	SHELLDER
91	CLOYSTER
92	GASTLY
93	HAUNTER
94	GENGAR
95	ONIX
96	DROWZEE
97	HYPNO
98	KRABBY
99	KINGLER
100	VOLTORB
101	ELECTRODE
102	EXEGGCUTE
103	EXEGGUTOR
104	CUBONE
105	MAROWAK
106	HITMONLEE
107	HITMONCHAN
108	LICKITUNG
109	KOFFING
110	WEEZING
111	RHYHORN
112	RHYDON
113	CHANSEY
114	TANGELA
115	KANGASKHAN
116	HORSEA
117	SEADRA
118	GOLDEEN
119	SEAKING
120	STARYU
121	STARMIE
122	MR. MIME
123	SCYTHER
124	JYNX
125	ELECTABUZZ
126	MAGMAR
127	PINSIR
128	TAUROS
129	MAGIKARP
130	GYARADOS
131	LAPRAS
132	DITTO
133	EEVEE
134	VAPOREON
135	JOLTEON
136	FLAREON
137	PORYGON
138	OMANYTE
139	OMASTAR
140	KABUTO
141	KABUTOPS
142	AERODACTYL
143	SNORLAX
144	ARTICUNO
145	ZAPDOS
146	MOLTRES
147	DRATINI
148	DRAGONAIR
149	DRAGONITE
150	MEWTWO
151	MEW
152	CHIKORITA
153	BAYLEEF
154	MEGANIUM
155	CYNDAQUIL
156	QUILAVA
157	TYPHLOSION
158	TOTODILE
159	CROCONAW
160	FERALIGATR
161	SENTRET
162	FURRET
163	HOOTHOOT
164	NOCTOWL
165	LEDYBA
166	LEDIAN
167	SPINARAK
168	ARIADOS
169	CROBAT
170	CHINCHOU
171	LANTURN
172	PICHU
173	CLEFFA
174	IGGLYBUFF
175	TOGEPI
176	TOGETIC
177	NATU
178	XATU
179	MAREEP
180	FLAAFFY
181	AMPHAROS
182	BELLOSSOM
183	MARILL
184	AZUMARILL
185	SUDOWOODO
186	POLITOED
187	HOPPIP
188	SKIPLOOM
189	JUMPLUFF
190	AIPOM
191	SUNKERN
192	SUNFLORA
193	YANMA
194	WOOPER
195	QUAGSIRE
196	ESPEON
197	UMBREON
198	MURKROW
199	SLOWKING
200	MISDREAVUS
201	UNOWN
202	WOBBUFFET
203	GIRAFARIG
204	PINECO
205	FORRETRESS
206	DUNSPARCE
207	GLIGAR
208	STEELIX
209	SNUBBULL
210	GRANBULL
211	QWILFISH
212	SCIZOR
213	SHUCKLE
214	HERACROSS
215	SNEASEL
216	TEDDIURSA
217	URSARING
218	SLUGMA
219	MAGCARGO
220	SWINUB
221	PILOSWINE
222	CORSOLA
223	REMORAID
224	OCTILLERY
225	DELIBIRD
226	MANTINE
227	SKARMORY
228	HOUNDOUR
229	HOUNDOOM
230	KINGDRA
231	PHANPY
232	DONPHAN
233	PORYGON2
234	STANTLER
235	SMEARGLE
236	TYROGUE
237	HITMONTOP
238	SMOOCHUM
239	ELEKID
240	MAGBY
241	MILTANK
242	BLISSEY
243	RAIKOU
244	ENTEI
245	SUICUNE
246	LARVITAR
247	PUPITAR
248	TYRANITAR
249	LUGIA
250	HO-OH
251	CELEBI
252	TREECKO
253	GROVYLE
254	SCEPTILE
255	TORCHIC
256	COMBUSKEN
257	BLAZIKEN
258	MUDKIP
259	MARSHTOMP
260	SWAMPERT
261	POOCHYENA
262	MIGHTYENA
263	ZIGZAGOON
264	LINOONE
265	WURMPLE
266	SILCOON
267	BEAUTIFLY
268	CASCOON
269	DUSTOX
270	LOTAD
271	LOMBRE
272	LUDICOLO
273	SEEDOT
274	NUZLEAF
275	SHIFTRY
276	TAILLOW
277	SWELLOW
278	WINGULL
279	PELIPPER
280	RALTS
281	KIRLIA
282	GARDEVOIR
283	SURSKIT
284	MASQUERAIN
285	SHROOMISH
286	BRELOOM
287	SLAKOTH
288	VIGOROTH
289	SLAKING
290	NINCADA
291	NINJASK
292	SHEDINJA
293	WHISMUR
294	LOUDRED
295	EXPLOUD
296	MAKUHITA
297	HARIYAMA
298	AZURILL
299	NOSEPASS
300	SKITTY
301	DELCATTY
302	SABLEYE
303	MAWILE
304	ARON
305	LAIRON
306	AGGRON
307	MEDITITE
308	MEDICHAM
309	ELECTRIKE
310	MANECTRIC
311	PLUSLE
312	MINUN
313	VOLBEAT
314	ILLUMISE
315	ROSELIA
316	GULPIN
317	SWALOT
318	CARVANHA
319	SHARPEDO
320	WAILMER
321	WAILORD
322	NUMEL
323	CAMERUPT
324	TORKOAL
325	SPOINK
326	GRUMPIG
327	SPINDA
328	TRAPINCH
329	VIBRAVA
330	FLYGON
331	CACNEA
332	CACTURNE
333	SWABLU
334	ALTARIA
335	ZANGOOSE
336	SEVIPER
337	LUNATONE
338	SOLROCK
339	BARBOACH
340	WHISCASH
341	CORPHISH
342	CRAWDAUNT
343	BALTOY
344	CLAYDOL
345	LILEEP
346	CRADILY
347	ANORITH
348	ARMALDO
349	FEEBAS
350	MILOTIC
351	CASTFORM
352	KECLEON
353	SHUPPET
354	BANETTE
355	DUSKULL
356	DUSCLOPS
357	TROPIUS
358	CHIMECHO
359	ABSOL
360	WYNAUT
361	SNORUNT
362	GLALIE
363	SPHEAL
364	SEALEO
365	WALREIN
366	CLAMPERL
367	HUNTAIL
368	GOREBYSS
369	RELICANTH
370	LUVDISC
371	BAGON
372	SHELGON
373	SALAMENCE
374	BELDUM
375	METANG
376	METAGROSS
377	REGIROCK
378	REGICE
379	REGISTEEL
380	LATIAS
381	LATIOS
382	KYOGRE
383	GROUDON
384	RAYQUAZA
385	JIRACHI
386	DEOXYS
387	TURTWIG
388	GROTLE
389	TORTERRA
390	CHIMCHAR
391	MONFERNO
392	INFERNAPE
393	PIPLUP
394	PRINPLUP
395	EMPOLEON
396	STARLY
397	STARAVIA
398	STARAPTOR
399	BIDOOF
400	BIBAREL
401	KRICKETOT
402	KRICKETUNE
403	SHINX
404	LUXIO
405	LUXRAY
406	BUDEW
407	ROSERADE
408	CRANIDOS
409	RAMPARDOS
410	SHIELDON
411	BASTIODON
412	BURMY P
413	WORMADAM P
414	MOTHIM
415	COMBEE
416	VESPIQUEN
417	PACHIRISU
418	BUIZEL
419	FLOATZEL
420	CHERUBI
421	CHERRIM O
422	SHELLOS W
423	GASTRODON W
424	AMBIPOM
425	DRIFLOON
426	DRIFBLIM
427	BUNEARY
428	LOPUNNY
429	MISMAGIUS
430	HONCHKROW
431	GLAMEOW
432	PURUGLY
433	CHINGLING
434	STUNKY
435	SKUNTANK
436	BRONZOR
437	BRONZONG
438	BONSLY
439	MIME JR.
440	HAPPINY
441	CHATOT
442	SPIRITOMB
443	GIBLE
444	GABITE
445	GARCHOMP
446	MUNCHLAX
447	RIOLU
448	LUCARIO
449	HIPPOPOTAS
450	HIPPOWDON
451	SKORUPI
452	DRAPION
453	CROAGUNK
454	TOXICROAK
455	CARNIVINE
456	FINNEON
457	LUMINEON
458	MANTYKE
459	SNOVER
460	ABOMASNOW
461	WEAVILE
462	MAGNEZONE
463	LICKILICKY
464	RHYPERIOR
465	TANGROWTH
466	ELECTIVIRE
467	MAGMORTAR
468	TOGEKISS
469	YANMEGA
470	LEAFEON
471	GLACEON
472	GLISCOR
473	MAMOSWINE
474	PORYGON-Z
475	GALLADE
476	PROBOPASS
477	DUSKNOIR
478	FROSLASS
479	ROTOM
480	UXIE
481	MESPRIT
482	AZELF
483	DIALGA
484	PALKIA
485	HEATRAN
486	REGIGIGAS
487	GIRATINA A
488	CRESSELIA
489	PHIONE
490	MANAPHY
491	DARKRAI
492	SHAYMIN L
493	ARCEUS
494	VICTINI
495	SNIVY
496	SERVINE
497	SERPERIOR
498	TEPIG
499	PIGNITE
500	EMBOAR
501	OSHAWOTT
502	DEWOTT
503	SAMUROTT
504	PATRAT
505	WATCHOG
506	LILLIPUP
507	HERDIER
508	STOUTLAND
509	PURRLOIN
510	LIEPARD
511	PANSAGE
512	SIMISAGE
513	PANSEAR
514	SIMISEAR
515	PANPOUR
516	SIMIPOUR
517	MUNNA
518	MUSHARNA
519	PIDOVE
520	TRANQUILL
521	UNFEZANT M
522	BLITZLE
523	ZEBSTRIKA
524	ROGGENROLA
525	BOLDORE
526	GIGALITH
527	WOOBAT
528	SWOOBAT
529	DRILBUR
530	EXCADRILL
531	AUDINO
532	TIMBURR
533	GURDURR
534	CONKELDURR
535	TYMPOLE
536	PALPITOAD
537	SEISMITOAD
538	THROH
539	SAWK
540	SEWADDLE
541	SWADLOON
542	LEAVANNY
543	VENIPEDE
544	WHIRLIPEDE
545	SCOLIPEDE
546	COTTONEE
547	WHIMSICOTT
548	PETILIL
549	LILLIGANT
550	BASCULIN R
551	SANDILE
552	KROKOROK
553	KROOKODILE
554	DARUMAKA
555	DARMANITAN
556	MARACTUS
557	DWEBBLE
558	CRUSTLE
559	SCRAGGY
560	SCRAFTY
561	SIGILYPH
562	YAMASK
563	COFAGRIGUS
564	TIRTOUGA
565	CARRACOSTA
566	ARCHEN
567	ARCHEOPS
568	TRUBBISH
569	GARBODOR
570	ZORUA
571	ZOROARK
572	MINCCINO
573	CINCCINO
574	GOTHITA
575	GOTHORITA
576	GOTHITELLE
577	SOLOSIS
578	DUOSION
579	REUNICLUS
580	DUCKLETT
581	SWANNA
582	VANILLITE
583	VANILLISH
584	VANILLUXE
585	DEERLING
586	SAWSBUCK
587	EMOLGA
588	KARRABLAST
589	ESCAVALIER
590	FOONGUS
591	AMOONGUSS
592	FRILLISH M
593	JELLICENT M
594	ALOMOMOLA
595	JOLTIK
596	GALVANTULA
597	FERROSEED
598	FERROTHORN
599	KLINK
600	KLANG
601	KLINKLANG
602	TYNAMO
603	EELEKTRIK
604	EELEKTROSS
605	ELGYEM
606	BEHEEYEM
607	LITWICK
608	LAMPENT
609	CHANDELURE
610	AXEW
611	FRAXURE
612	HAXORUS
613	CUBCHOO
614	BEARTIC
615	CRYOGONAL
616	SHELMET
617	ACCELGOR
618	STUNFISK
619	MIENFOO
620	MIENSHAO
621	DRUDDIGON
622	GOLETT
623	GOLURK
624	PAWNIARD
625	BISHARP
626	BOUFFALANT
627	RUFFLET
628	BRAVIARY
629	VULLABY
630	MANDIBUZZ
631	HEATMOR
632	DURANT
633	DEINO
634	ZWEILOUS
635	HYDREIGON
636	LARVESTA
637	VOLCARONA
638	COBALION
639	TERRAKION
640	VIRIZION
641	TORNADUS
642	THUNDURUS
643	RESHIRAM
644	ZEKROM
645	LANDORUS
646	KYUREM
647	KELDEO
648	MELOETTA A
649	GENESECT
