# base id	target evo id (0 = single evolution)	evo:percent,...  (PokemonRevoData.lua, converted by tools/trainer-data/convert_revos.py)
1	0	33:8.03001,30:7.99644,153:7.73453,278:7.72096,24:7.59937,192:6.85774,93:6.59241,70:5.64746,294:5.61731,168:5.50174,15:5.47087,114:5.46305,44:5.24971,363:4.97741,47:4.95787,211:3.92817,388:0.19443,379:0.0545,189:0.04749,369:0.04354,49:0.03523,42:0.03451,88:0.03231,299:0.02772,109:0.02534,102:0.02512,296:0.02471,188:0.02413,344:0.02408,72:0.02305,307:0.01802,182:0.00602,368:0.00589,345:0.00346,300:0.00261,71:0.00108,45:0.00094,297:0.00076
2	0	279:11.1874,154:8.65027,169:8.11651,182:7.02777,89:6.90874,110:6.53925,345:5.93836,300:5.31675,389:5.01174,103:4.6347,94:4.61525,45:4.19705,71:4.03911,34:3.97059,31:3.96614,73:3.61494,297:3.33649,368:0.45971,379:0.42004,189:0.32734,24:0.31858,369:0.30447,49:0.27513,42:0.25918,192:0.25082,114:0.14518,307:0.12114,211:0.04731
4	0	240:20.208,156:19.8873,77:17.5521,219:17.389,281:15.1958,58:6.48614,228:1.47948,340:1.33857,321:0.46371
5	0	59:15.6744,126:12.6844,136:12.2718,157:12.2689,78:11.5624,38:11.4054,282:10.7083,229:8.96795,321:3.33568,340:1.12082
7	0	61:11.938,159:10.094,184:10.0368,222:9.98232,313:9.76705,342:8.78107,117:7.59874,284:7.09526,310:7.06893,195:5.99794,211:5.92793,373:1.85678,138:1.4757,140:1.4584,119:0.2377,331:0.17479,226:0.16378,171:0.09005,98:0.04188,325:0.04156,120:0.03945,86:0.03801,296:0.0302,72:0.02674,170:0.01982,99:0.0031,374:0.0031,375:0.00256,224:0.00238,87:0.00162,327:0.00162,381:0.00103,324:0.0009,297:0.00076
8	0	329:6.31306,130:5.56528,160:5.40603,131:5.33319,343:5.11796,134:5.04081,375:4.68373,374:4.68058,224:4.49537,91:4.26189,186:4.19112,314:4.05974,55:4.0534,285:3.97931,230:3.75536,381:3.3506,141:3.06635,139:3.03871,121:2.99621,73:2.84191,80:2.64622,199:2.6384,297:2.58448,62:2.35752,99:0.50644,117:0.37205,327:0.34491,310:0.34406,119:0.31961,87:0.30968,226:0.30083,331:0.29746,195:0.21514,211:0.19214,324:0.18369,171:0.15677
10	0	291:24.371,293:24.3477,14:18.4589,290:16.4193,13:16.4032
11	0	292:11.1486,390:10.6799,386:10.3937,166:10.3773,387:10.3081,193:9.84361,312:8.16436,294:7.48699,168:7.37025,15:7.3623,47:6.58886,302:0.19811,49:0.07791
13	0	293:23.0478,291:23.0465,11:18.0026,290:16.0349,10:15.9997,41:3.86841
14	0	292:6.85051,12:6.84413,390:6.51288,33:6.49311,30:6.45073,386:6.39178,387:6.37421,166:6.37089,193:6.06929,93:5.43776,312:5.1003,294:4.68054,70:4.63668,168:4.58595,2:4.55791,44:4.34106,363:4.13895,47:4.12646,109:0.01568,72:0.01388,24:0.00557,211:0.00049,43:0.00027,1:0.00022,88:0.00018,302:0.00018,42:0.00013,92:0.00013,49:4e-05,379:4e-05
16	0	35:10.2471,177:9.79958,225:9.79742,371:9.62627,188:9.35694,308:9.01684,190:8.98327,133:8.73367,216:8.73196,316:8.11264,83:7.59434
17	0	233:4.0707,217:3.87416,372:3.72413,40:3.69726,123:3.64469,36:3.63462,128:3.61925,241:3.61759,115:3.60658,380:3.5244,53:3.46154,227:3.46095,365:3.45736,234:3.35985,210:3.35967,317:3.30175,302:3.28616,113:3.23692,305:3.16349,85:3.05988,164:2.95792,22:2.95478,142:2.70967,207:2.6229,178:2.61257,189:2.53195,369:2.48563,203:2.2708,42:2.23135,310:2.2158,359:2.17091,226:2.07476
19	0	316:6.82997,108:6.59807,289:6.42966,137:6.42957,40:6.27707,385:6.15467,162:6.08826,206:5.87419,365:5.80383,53:5.77588,317:5.6249,176:5.60886,210:5.60423,113:5.45258,305:5.35687,164:5.05169,22:5.03596,371:0.00067,308:0.00058,380:0.00058,190:0.00054,36:0.00031,83:0.00027,234:0.00027,85:0.00022,18:0.00018,203:9e-05
21	0	198:3.80177,289:3.78897,40:3.69191,20:3.68638,372:3.65188,385:3.63076,36:3.57652,162:3.54179,380:3.45282,206:3.43193,227:3.41746,53:3.39787,365:3.38987,234:3.32831,176:3.2956,210:3.28562,317:3.26859,302:3.25597,113:3.19346,305:3.11654,18:3.0335,85:3.02887,164:2.96453,312:2.80578,178:2.62344,207:2.60816,189:2.53555,369:2.44761,203:2.25975,310:2.22268,42:2.21383,226:2.05229
23	0	93:10.9861,368:9.91142,379:9.44528,2:9.06465,44:8.55793,363:8.07333,49:7.98885,42:7.78467,211:6.41299,45:6.13126,71:6.0183,89:1.15861,294:1.12805,70:1.12033,15:1.07926,168:1.07894,110:1.04273,30:0.87881,33:0.87602,94:0.54316,31:0.33484,34:0.33192,73:0.05257
25	0	338:14.3996,82:14.2492,181:14.1747,101:14.1191,125:14.1128,171:9.09655,354:7.51907,353:7.50716,135:4.82176
27	0	51:12.0458,247:10.375,105:10.0924,207:7.86173,76:7.3463,112:7.33592,221:7.13943,284:6.49392,340:6.36469,195:5.45528,34:4.91194,31:4.90835,324:4.90803,95:1.57379,75:1.36292,232:0.92248,208:0.49917,319:0.25958,334:0.094,285:0.04934
29	0	109:16.3688,72:15.9606,33:12.7406,70:9.13659,294:9.12311,168:8.95842,15:8.92765,44:8.54131,363:8.09979,88:0.70002,1:0.54414,43:0.54145,93:0.19865,2:0.15412,367:0.00139,69:0.00112,92:0.00108,48:0.00099,211:0.00013
30	0	169:10.8408,368:9.20547,89:9.17172,379:8.76593,110:8.70765,49:7.21411,3:7.05725,42:7.02323,94:6.17821,45:5.51414,71:5.33122,34:5.22603,73:4.73455,24:2.14755,93:1.1068,2:0.74104,363:0.5818,211:0.45248
32	0	109:16.3856,72:15.9148,30:12.7855,294:9.14647,70:9.14153,15:8.97707,168:8.94468,44:8.51713,363:8.04443,88:0.69957,43:0.54423,1:0.54172,93:0.20283,2:0.14958,92:0.00157,367:0.00135,69:0.00126,48:0.00067
33	0	169:10.908,368:9.16188,89:9.15002,110:8.74643,379:8.71574,49:7.22948,3:7.08883,42:7.0262,94:6.15287,45:5.49635,71:5.34659,31:5.20832,73:4.73441,24:2.15901,93:1.10091,2:0.733,363:0.59119,211:0.45073
35	0	233:6.39619,217:6.14263,372:5.82904,115:5.65182,128:5.64625,241:5.63757,380:5.50435,53:5.39794,365:5.38878,234:5.31837,210:5.25591,317:5.21933,113:5.08017,305:4.95912,85:4.8117,18:4.80864,164:4.68957,22:4.67389,203:3.58573,20:0.00054,242:0.00049,385:0.0004,40:0.00036,162:0.00027,206:0.00027,289:0.00027,143:0.00022,176:0.00018
37	0	321:12.6446,59:12.1004,126:9.90225,157:9.55523,136:9.5098,78:9.01464,282:8.4567,6:8.44304,340:7.81667,229:7.14163,156:1.36692,5:1.35546,77:1.05239,219:0.98373,281:0.65652
39	0	108:5.79417,137:5.68574,289:5.64283,20:5.50695,385:5.45667,162:5.34528,206:5.20136,380:5.13176,365:5.1088,53:5.09433,234:4.98123,176:4.94412,210:4.93724,317:4.93014,113:4.78011,305:4.67717,85:4.52421,164:4.43322,22:4.41305,203:3.41067,372:0.00031,316:0.00031,18:0.00027,36:4e-05
41	0	123:5.21619,24:4.95472,227:4.91689,302:4.64688,305:4.41606,18:4.24383,85:4.2405,22:4.14489,164:4.11891,312:3.91784,368:3.82712,89:3.81534,379:3.66028,110:3.6601,207:3.58735,178:3.57495,189:3.45345,369:3.31717,49:3.07408,310:2.96305,359:2.89385,226:2.70643,94:2.6491,211:2.47332,45:2.36368,71:2.3036,34:2.27332,31:2.2682,198:0.05136,176:0.04165,166:0.04152,193:0.03995,93:0.02377,142:0.02152,168:0.02044,70:0.01986,44:0.01618,2:0.01546,363:0.01263,292:0.00355,12:0.0031,73:0.00211,294:0.00144,169:0.00135,15:0.00099,6:0.00076,3:0.00072,130:0.00058
42	0	123:11.5518,89:9.01243,142:8.77806,110:8.60444,130:8.59357,6:7.40728,3:7.15561,359:6.80791,94:6.23667,31:5.42917,34:5.3939,73:4.96195,397:1.51956,149:1.51906,227:1.08083,302:0.99793,85:0.8425,18:0.8407,368:0.64834,379:0.58395,178:0.57614,369:0.46933,226:0.26699,45:0.21123,71:0.19537,24:0.05877,305:0.05639,164:0.04785,22:0.04664,207:0.03204,189:0.02629,49:0.0226,310:0.01685,211:0.00777
43	0	33:9.101,30:9.09507,278:8.78274,153:8.77739,192:7.76558,93:7.54581,294:6.43649,70:6.40773,2:6.31211,15:6.2781,168:6.26156,47:5.62553,363:5.624,211:4.49878,299:0.27728,296:0.26052,109:0.25576,188:0.23999,388:0.19542,24:0.10469,114:0.06336,189:0.05145,49:0.03815,72:0.00036,102:0.00031,344:0.00022,1:0.00018,152:0.00013,368:0.00013,88:9e-05,42:4e-05
44	45	24:6.84732,154:6.56203,368:5.26251,89:5.23794,379:5.00967,110:4.9939,114:4.67708,189:4.66872,369:4.51878,345:4.45888,49:4.15082,3:4.09797,42:4.04639,300:4.01031,389:3.80303,94:3.55653,103:3.49384,71:3.08423,307:3.07709,34:3.02061,31:3.00416,73:2.71362,297:2.48999,279:0.89382,169:0.51754,192:0.47221,153:0.2164,278:0.20899,93:0.13866,70:0.11031,294:0.10842,211:0.10245,15:0.10119,168:0.10088,2:0.09135,47:0.08016,363:0.07221
44	182	24:7.04646,154:6.72802,368:5.40801,89:5.38127,379:5.10359,110:5.09878,114:4.77022,189:4.76137,369:4.63201,345:4.56038,49:4.22905,3:4.14569,42:4.12314,300:4.10943,389:3.83044,94:3.59917,103:3.52723,307:3.12076,71:3.12058,31:3.03907,34:3.01827,73:2.71946,297:2.50499,279:0.45176,169:0.25976,192:0.22161,153:0.08304,278:0.07989,93:0.04799,211:0.04619,294:0.03824,70:0.03774,15:0.0372,168:0.03577,2:0.03082,47:0.02813,363:0.02444
46	0	292:6.99479,12:6.96082,166:6.50236,387:6.4847,386:6.48457,153:6.40962,278:6.3805,193:6.16959,192:5.69572,312:5.15175,70:4.77112,294:4.72417,168:4.67501,15:4.66512,2:4.62051,114:4.58519,44:4.43125,363:4.21673,388:0.0191,390:0.01743,205:0.01344,302:0.00998,369:0.00418,189:0.00377,49:0.00288,307:0.00139,296:0.00085,102:0.00081,188:0.00076,299:0.00072,344:0.00054,182:0.00036,300:0.00013,45:9e-05,71:4e-05
48	0	205:8.93838,24:8.01891,302:7.4,391:6.95543,93:6.87567,312:6.29198,368:6.23977,379:5.92843,110:5.88704,2:5.66458,47:5.00361,42:4.84841,211:4.02199,45:3.85277,71:3.76884,31:3.69843,34:3.69178,127:0.29836,12:0.23428,212:0.23343,292:0.23208,123:0.21505,386:0.20296,387:0.20229,166:0.2022,193:0.1889,213:0.15138,89:0.10348,70:0.09953,168:0.0967,294:0.09396,15:0.09351,44:0.08596,363:0.06776,214:0.05599,94:0.0412,73:0.01335,30:0.00058,169:0.00054,33:0.00045,3:4e-05
50	0	95:18.0831,75:16.9506,247:15.0176,105:14.6731,207:11.597,284:9.85965,195:8.39235,111:2.15429,28:1.05553,231:0.63626,221:0.62902,340:0.44439,333:0.25275,112:0.1113,76:0.10986,324:0.03321
52	0	289:5.42589,40:5.28557,372:5.25649,20:5.23812,385:5.2032,36:5.142,162:5.11262,380:4.96016,206:4.9429,365:4.89078,234:4.77153,176:4.72754,210:4.72691,317:4.72358,113:4.59961,305:4.51302,18:4.37023,85:4.36142,164:4.24697,22:4.24423,203:3.2561,128:0.00036,115:0.00018,137:0.00013,217:0.00013,241:0.00013,108:9e-05,316:9e-05
54	0	329:4.71266,130:4.1727,9:4.03691,160:4.03484,131:3.99611,343:3.8623,134:3.75751,99:3.73586,375:3.52301,374:3.51384,119:3.46136,224:3.34291,91:3.17931,327:3.16255,186:3.13393,314:3.06563,285:2.9568,87:2.93541,226:2.91843,331:2.88127,230:2.80537,381:2.51034,324:2.35182,139:2.27336,141:2.26361,121:2.2424,171:2.16179,73:2.12153,199:1.98291,80:1.97478,297:1.9236,62:1.7742,8:0.49171,159:0.48569,184:0.47971,313:0.47203,342:0.32482,117:0.25626,310:0.23073,284:0.21276,195:0.14806,211:0.12918
56	0	237:16.0104,107:16.0059,106:15.9641,336:12.7167,357:9.18251,214:9.14683,307:7.62197,62:5.78545,67:3.26936,68:2.9408,281:1.16,282:0.19595
58	0	157:14.2694,136:14.2694,78:13.4059,38:13.2713,282:12.4903,6:12.4334,229:10.4531,321:4.15127,126:3.78443,340:1.47144
60	0	140:15.4717,138:15.4479,8:10.2464,159:10.2339,184:10.1803,222:10.1356,313:9.9479,342:8.98098,284:7.3281,120:0.37829,325:0.37749,373:0.35713,296:0.31206,72:0.25805,170:0.19753,117:0.04862,310:0.04471,195:0.02745,211:0.0257,158:9e-05,7:4e-05,54:4e-05
61	62	329:4.7075,130:4.16964,9:4.08634,160:4.08485,131:4.0596,343:3.92435,99:3.82132,134:3.77836,375:3.56484,374:3.56223,119:3.48054,224:3.40694,91:3.21571,327:3.20654,314:3.10903,55:3.08544,285:3.00641,87:3.0047,226:2.98147,331:2.9657,230:2.83633,381:2.5692,324:2.41176,141:2.36197,139:2.33757,121:2.27943,171:2.22164,73:2.15577,199:2.03041,80:2.01765,297:2.00075,8:0.51624,159:0.51615,184:0.50644,313:0.49926,342:0.36522,117:0.31179,310:0.27517,284:0.23276,195:0.17857,211:0.15439
61	186	329:4.86845,130:4.29559,9:4.19948,160:4.18173,131:4.11339,343:3.97863,134:3.88351,99:3.85017,374:3.64204,375:3.63296,119:3.55554,224:3.4397,91:3.28302,327:3.24339,314:3.13411,55:3.12732,87:3.05062,285:3.0402,226:2.99207,331:2.95473,230:2.8925,381:2.5728,324:2.40915,139:2.35685,141:2.33137,121:2.28527,171:2.21037,73:2.19491,199:2.04847,80:2.01311,297:1.98138,159:0.33188,313:0.33062,8:0.3264,184:0.32554,342:0.22291,117:0.18535,310:0.17052,284:0.14554,195:0.1042,211:0.09423
63	0	202:20.3068,399:16.2396,411:15.8277,349:12.7326,348:12.7017,357:11.0194,122:2.38862,124:1.81199,203:1.1485,96:1.12352,201:1.10572,351:1.10518,177:0.929,102:0.86434,352:0.44161,178:0.25365
64	0	352:10.5083,122:10.168,196:10.0375,394:9.84357,97:9.23382,124:8.46133,178:7.66205,203:6.40697,319:5.92088,103:5.59403,121:4.63974,80:4.1496,199:4.14008,399:0.79263,411:0.76324,202:0.67095,349:0.44601,348:0.43181,357:0.12887
66	0	106:18.1013,237:18.0681,107:18.0656,57:12.7932,281:12.2599,357:9.98062,307:8.29008,336:2.44128
67	0	237:15.3159,106:15.2697,107:15.2335,336:11.7203,57:10.6994,282:9.3014,214:8.30819,307:6.87913,62:5.19116,281:1.15659,357:0.92455
69	0	388:10.0716,33:8.62834,30:8.62749,278:8.31696,153:8.2984,192:7.38261,93:7.18328,294:6.13607,2:6.04202,168:5.98873,15:5.97763,44:5.75395,363:5.41331,47:5.36384,299:0.13174,296:0.12523,109:0.12217,344:0.1202,188:0.11764,72:0.11215,24:0.05006,114:0.02745,211:0.00903,1:4e-05,307:4e-05
70	0	24:6.57569,154:6.36972,182:5.13468,89:5.06252,368:5.04135,110:4.78325,379:4.78218,114:4.54165,189:4.47443,369:4.34394,345:4.30907,49:3.98667,3:3.88953,42:3.86625,300:3.84167,389:3.62572,94:3.38901,103:3.36727,45:3.01086,307:2.96938,31:2.89758,34:2.87462,73:2.57958,297:2.3843,279:0.5689,169:0.31575,192:0.28834,153:0.12505,278:0.12132,93:0.07297,294:0.06044,168:0.05819,15:0.0581,211:0.05437,44:0.05064,2:0.04776,47:0.04107,363:0.03617
72	0	169:4.27295,329:3.73783,89:3.54938,368:3.54561,110:3.36745,130:3.32755,9:3.23736,131:3.21261,160:3.20987,343:3.06082,134:2.99558,99:2.96853,374:2.81216,375:2.80618,3:2.6863,224:2.65633,91:2.53645,327:2.52805,186:2.49021,314:2.4562,55:2.43786,285:2.37114,87:2.35173,94:2.33416,226:2.32719,230:2.23962,45:2.02776,381:1.99482,71:1.94652,31:1.91614,34:1.90437,324:1.88779,139:1.84317,141:1.84137,121:1.79689,80:1.59415,199:1.59028,297:1.5595,62:1.42268,24:0.26205,379:0.21761,49:0.14567,42:0.13139,117:0.09921,119:0.09014,310:0.06228,331:0.05338,195:0.03797,211:0.03042,171:0.02534
74	0	320:10.0339,140:9.29619,138:9.28428,185:9.22209,388:8.46447,95:8.16778,51:7.77434,390:7.26021,247:6.83572,105:6.73732,222:6.25069,219:5.99228,284:4.67461,383:0.00202,111:0.00171,333:0.00058,348:0.00058,349:0.00049,207:0.00031,195:0.00018,104:9e-05,382:9e-05,231:4e-05
75	0	232:7.11782,213:6.59955,28:6.33912,391:6.30776,384:6.3047,142:5.38626,208:5.12376,112:4.87204,348:4.78487,349:4.74389,221:4.72295,334:4.52875,340:4.15679,389:4.01651,319:3.95028,381:3.35015,324:3.19261,31:3.19144,34:3.19072,141:3.09672,139:3.08324,383:0.70995,105:0.34599,185:0.20427,207:0.19915,51:0.1339,247:0.09526,285:0.08331,219:0.07082,195:0.06812,284:0.02858
77	0	321:14.295,126:11.1582,136:10.7601,157:10.7237,38:10.1089,282:9.46752,6:9.45624,340:8.79963,229:7.95695,59:2.48428,156:1.49386,5:1.49107,219:1.08689,281:0.71768
79	80	352:4.16115,122:3.9935,196:3.98717,394:3.88095,65:3.68144,97:3.61139,124:3.33864,178:2.97316,160:2.95024,9:2.9404,131:2.91398,343:2.79464,134:2.76507,99:2.75981,374:2.59288,375:2.57972,119:2.5231,224:2.47507,203:2.45107,327:2.37433,91:2.35393,186:2.33249,55:2.25498,314:2.25431,319:2.2172,87:2.21369,285:2.19967,226:2.16404,331:2.15937,103:2.1302,381:1.88303,324:1.78363,139:1.73861,141:1.73654,121:1.70433,171:1.65427,73:1.61464,297:1.48065,62:1.37487,399:0.1441,411:0.13485,329:0.08021,349:0.0754,348:0.07477,64:0.07302,202:0.06875,130:0.06156,117:0.04341,310:0.03689,230:0.0288,313:0.02575,8:0.02422,195:0.02363,184:0.02337,159:0.02256,211:0.01955,342:0.01779,357:0.0124,284:0.01083
79	199	352:4.24082,122:4.05201,196:4.04352,394:3.92512,65:3.69236,97:3.66567,124:3.34372,178:2.99773,9:2.97298,160:2.96466,131:2.95487,343:2.82793,99:2.76502,134:2.75384,374:2.61009,375:2.60542,119:2.54701,203:2.4752,224:2.46352,91:2.38502,327:2.34908,186:2.34067,55:2.28837,314:2.27417,319:2.25081,285:2.2172,87:2.21144,226:2.17222,331:2.15815,103:2.12751,381:1.86797,324:1.79644,139:1.74409,141:1.73524,121:1.70284,171:1.65535,73:1.61688,297:1.49237,62:1.36193,399:0.05459,411:0.04992,349:0.02952,348:0.02939,329:0.02925,130:0.02346,202:0.02098,64:0.0208,117:0.01465,310:0.01442,230:0.00953,195:0.00935,159:0.00737,313:0.00701,184:0.00643,211:0.00629,8:0.00575,342:0.00463,357:0.00386,284:0.00355
81	0	383:12.6349,205:10.7198,212:10.4941,227:9.4278,399:8.5635,26:7.2191,338:7.20283,101:7.14864,181:7.12487,125:7.11099,208:6.8714,171:4.44109,353:0.3401,354:0.33224,135:0.2297,384:0.12631,355:0.01258
84	0	217:3.50049,289:3.43539,40:3.37634,372:3.36704,385:3.34395,123:3.28526,36:3.28252,162:3.26675,128:3.25125,241:3.24752,115:3.20978,380:3.15756,227:3.14197,206:3.12368,53:3.12189,365:3.10939,234:3.06815,210:2.99702,317:2.99549,302:2.96808,113:2.92656,305:2.86491,18:2.78686,22:2.68657,164:2.68271,312:2.55487,178:2.37698,207:2.37666,189:2.29888,369:2.23782,203:2.05997,310:2.0345,42:2.02987,359:1.94872,226:1.88455,198:4e-05
86	0	99:4.79664,375:4.5345,374:4.5057,117:4.49757,119:4.42958,224:4.31271,310:4.1829,327:4.08135,186:4.00698,314:3.92862,55:3.87672,226:3.76048,331:3.69667,195:3.45992,211:3.37212,381:3.21822,324:3.01755,141:2.93703,139:2.91816,121:2.88522,171:2.78125,73:2.72369,80:2.54651,199:2.53914,297:2.51394,62:2.28554,159:0.85778,8:0.8549,184:0.83212,329:0.61029,342:0.59905,61:0.52846,130:0.47742,160:0.44534,9:0.44066,131:0.41864,284:0.38459,343:0.37443,134:0.3703,313:0.28119,91:0.27117,285:0.22817,230:0.21676
88	0	169:11.2988,368:9.48859,110:9.04263,379:9.02636,49:7.42103,3:7.29202,42:7.26376,94:6.34393,45:5.6719,71:5.50862,34:5.3793,31:5.37498,73:4.87586,24:2.5537,93:1.31489,2:0.88568,363:0.7028,211:0.55511
90	0	329:5.80513,130:5.03825,160:4.97364,9:4.97094,131:4.8862,343:4.71302,134:4.58236,99:4.56088,375:4.29263,374:4.28827,224:4.10543,186:3.86086,314:3.72642,55:3.70831,285:3.63166,87:3.58299,230:3.41674,381:3.06415,141:2.79369,139:2.78533,121:2.77554,73:2.59383,80:2.42074,199:2.42016,297:2.37572,62:2.16696,119:0.36962,117:0.33264,310:0.30896,327:0.29067,331:0.24938,226:0.2452,195:0.20404,211:0.17403,324:0.15062,171:0.13498
92	0	322:10.6851,33:9.66613,30:9.6641,24:9.1888,200:8.66559,70:6.81299,294:6.80733,2:6.70384,15:6.66421,168:6.6426,44:6.34213,363:6.02773,211:4.79395,378:0.44412,362:0.43226,379:0.11876,49:0.08048,42:0.07225,88:0.06569,109:0.05383,72:0.04947,368:0.01222,71:0.0035,45:0.00292
93	0	378:11.4727,362:11.4066,169:8.57051,368:7.24579,89:7.22611,379:6.92307,110:6.90348,49:5.82346,42:5.67428,3:5.65955,45:4.46899,71:4.32565,34:4.28683,31:4.26095,73:3.89348,200:0.94315,24:0.60759,2:0.11341,211:0.10263,363:0.09121
95	0	232:8.45207,213:7.7716,391:7.46574,384:7.42646,142:6.39628,112:5.75162,76:5.74151,334:5.3167,340:4.9363,389:4.7394,319:4.67124,285:4.60703,381:3.97288,324:3.78605,34:3.77746,31:3.77369,139:3.65682,141:3.65026,28:0.59658,248:0.58148,185:0.51849,383:0.48856,348:0.36576,349:0.36472,221:0.34567,247:0.25163,105:0.23186,219:0.19079,207:0.12855,195:0.04282
96	0	352:9.2868,122:8.99397,196:8.81248,394:8.60929,65:8.17195,124:7.45302,178:6.72123,349:6.23016,348:6.19884,203:5.63816,319:5.21048,103:4.92776,121:4.05452,80:3.65093,199:3.63422,399:0.60296,411:0.58364,64:0.5658,202:0.54118,357:0.1126
98	0	117:4.53576,375:4.53576,374:4.53199,119:4.48202,224:4.33113,310:4.2046,327:4.10665,186:4.03588,55:3.9541,314:3.94412,87:3.80833,226:3.7949,331:3.74695,195:3.48522,211:3.39423,381:3.23921,324:3.04554,141:2.94444,139:2.94274,121:2.88715,171:2.80924,73:2.77675,80:2.58125,199:2.56044,297:2.51452,62:2.2934,8:0.90676,159:0.87562,184:0.86074,329:0.63855,342:0.60903,61:0.54325,130:0.50123,9:0.46888,160:0.45518,131:0.41968,284:0.40993,343:0.39595,134:0.38751,313:0.29135,91:0.27661,285:0.24552,230:0.2279
100	0	135:18.0218,338:12.866,26:12.8528,125:12.6927,82:12.6695,181:12.6497,171:7.91902,354:5.17939,353:5.1491
102	0	279:8.85005,352:7.10519,154:6.87104,196:6.76792,394:6.68183,65:6.30627,97:6.20468,182:5.58994,178:5.16209,345:4.75877,3:4.32022,300:4.25192,389:4.05726,319:3.93473,45:3.38043,71:3.27367,121:3.08917,80:2.76606,199:2.7644,297:2.75411,122:0.21945,400:0.188,124:0.14985,189:0.09782,369:0.08915,203:0.07778,399:0.05877,411:0.0572,192:0.04803,307:0.03401,349:0.0315,348:0.03127,114:0.02741
104	0	95:13.7556,51:12.9392,75:12.8592,247:11.2234,28:10.3222,207:8.59357,221:7.89836,284:7.19443,340:7.14815,195:6.15593,111:0.69467,232:0.35192,76:0.29872,112:0.28497,319:0.09162,324:0.08753,31:0.05104,34:0.04956
109	0	169:11.1396,368:9.46136,89:9.38588,379:8.91709,49:7.38346,3:7.22354,42:7.20283,94:6.29288,45:5.63897,71:5.46602,34:5.34645,31:5.34524,73:4.83394,24:2.41203,93:1.19581,2:0.79842,44:0.79546,363:0.64035,211:0.52069
111	0	232:7.14401,213:6.58288,28:6.29944,391:6.29491,384:6.2825,142:5.40024,208:5.0604,76:4.87977,348:4.7784,349:4.75176,221:4.73796,334:4.51271,340:4.16506,389:4.01804,319:3.95131,381:3.36574,31:3.20659,324:3.20582,34:3.18803,141:3.0912,139:3.09057,383:0.7082,105:0.33781,207:0.19317,185:0.18036,75:0.12527,51:0.11467,247:0.08942,285:0.08704,195:0.06605,219:0.06502,284:0.02566
113	0	233:18.1667,217:17.3497,115:16.0632,241:16.0479,128:16.0427,143:13.4573,372:0.65571,36:0.63895,234:0.54918,18:0.44817,85:0.42269,380:0.02548,53:0.02368,365:0.02256,210:0.02224,317:0.02071,164:0.01878,22:0.01712,203:0.00737
116	0	8:7.20148,159:7.15003,184:7.13574,313:6.94954,342:6.10884,99:5.46328,119:5.11653,224:4.92488,284:4.83758,310:4.83614,327:4.73082,87:4.38038,226:4.36362,331:4.33158,195:4.01584,211:3.97531,324:3.60236,171:3.34615,297:2.99549,61:1.0146,222:0.73673,140:0.6665,138:0.66286,375:0.22467,374:0.21379,186:0.17111,314:0.15704,55:0.1565,381:0.09396,141:0.07252,134:0.07207,139:0.07194,91:0.05316,80:0.04961,199:0.04794,62:0.03756,121:0.01739,73:0.01447
117	0	329:7.54082,130:6.67518,160:6.53422,9:6.5105,131:6.42306,343:6.20787,134:6.06215,91:5.15472,186:5.08229,314:4.94663,55:4.92313,285:4.81893,139:3.763,141:3.72588,121:3.65772,73:3.4991,199:3.28302,80:3.26769,62:2.92503,99:0.63545,374:0.56382,375:0.55722,224:0.4962,327:0.42795,87:0.39878,226:0.38117,331:0.37874,119:0.34464,381:0.24579,324:0.227,171:0.20099,297:0.14132
118	0	159:6.14465,8:6.13076,184:6.08286,342:5.19098,99:4.59449,117:4.35099,375:4.27762,374:4.26683,224:4.11069,284:4.05762,310:4.0126,327:3.88274,87:3.63026,226:3.60285,331:3.59072,195:3.3235,211:3.2849,381:3.10818,324:2.93932,141:2.83602,139:2.81971,171:2.71052,199:2.47381,80:2.46945,297:2.42865,61:1.11767,313:0.68191,222:0.45756,186:0.17901,55:0.15695,314:0.15426,160:0.14298,9:0.13952,131:0.12887,134:0.11813,343:0.11489,91:0.08416,285:0.0692,73:0.05873,62:0.04102,121:0.03437
120	0	329:5.38815,130:4.76892,9:4.63569,160:4.62253,131:4.56861,343:4.38209,134:4.28027,99:4.27852,374:3.99553,375:3.99184,224:3.8038,91:3.66495,186:3.58295,327:3.55837,55:3.46136,314:3.44914,285:3.3674,87:3.35644,230:3.19158,381:2.81288,324:2.68864,139:2.57846,141:2.56022,73:2.41958,199:2.24753,80:2.23966,297:2.21625,62:2.00893,119:0.33426,117:0.33022,310:0.29849,331:0.22224,226:0.2195,195:0.19339,211:0.16742,171:0.11422
123	0	127:7.96297,205:7.04017,227:6.17988,302:5.83438,169:5.67927,213:5.67002,391:5.46898,18:5.36227,85:5.34047,142:4.72781,130:4.64216,178:4.56456,189:4.39031,369:4.29051,6:4.05578,49:3.92354,359:3.68567,214:3.67317,42:3.6437,226:3.49322,305:0.06425,164:0.05711,22:0.0559,207:0.0372,149:0.02444,397:0.02444,198:0.02328,310:0.01766,386:0.0173,176:0.01703,387:0.01663,312:0.01069,47:0.00521
129	0	329:7.69809,9:6.62355,160:6.61915,131:6.5082,343:6.30964,134:6.15471,91:5.2485,186:5.17287,314:5.03052,55:5.01677,285:4.8857,230:4.54192,139:3.78757,141:3.78326,121:3.7155,73:3.56933,80:3.30373,199:3.27736,62:2.96498,99:0.68231,374:0.60714,375:0.60058,224:0.53174,327:0.4616,87:0.42691,117:0.41887,331:0.41285,226:0.39878,119:0.35942,381:0.27481,324:0.25086,171:0.21761,297:0.14514
133	134	329:5.758,130:5.10161,160:4.95885,9:4.93832,131:4.91257,343:4.6897,99:4.56834,374:4.32934,375:4.31392,224:4.10278,91:3.86702,186:3.86122,314:3.72943,55:3.72741,285:3.64549,87:3.61153,230:3.41723,381:3.09178,121:3.01414,141:2.80587,139:2.80475,199:2.62852,80:2.61931,73:2.59715,297:2.40003,62:2.17869,119:0.35475,327:0.32945,117:0.30375,331:0.27643,310:0.27432,226:0.23118,195:0.17713,211:0.15628,324:0.13341,171:0.09032
133	135	338:18.5438,26:18.5031,101:18.2984,181:18.2379,125:18.2323,82:5.94627,171:2.23818
133	136	59:15.6832,126:12.6967,157:12.2769,78:11.5587,38:11.4531,282:10.8274,6:10.7391,229:10.409,321:3.24437,340:1.11152
133	196	394:14.9344,65:14.3133,97:14.2055,319:9.64159,103:9.19388,121:7.25864,80:6.58859,199:6.5792,400:6.35723,352:2.84595,122:2.64424,124:1.98669,178:1.67413,203:1.18921,411:0.27045,349:0.15987,348:0.15718
133	197	248:21.6504,376:16.924,345:16.6394,300:15.3905,229:12.9147,327:7.25253,331:6.56082,215:2.6677
137	0	217:11.123,372:10.5871,36:10.3079,128:10.289,241:10.2784,115:10.2758,234:9.6061,242:9.59756,143:8.86492,18:8.71601,380:0.04435,365:0.04251,210:0.04228,53:0.04044,317:0.03936,113:0.03878,85:0.03231,22:0.03006,164:0.02925,203:0.01379,162:0.00027,289:0.00027,40:0.00022,385:0.00013,206:9e-05,305:9e-05
138	0	213:4.07798,384:3.92282,391:3.90058,329:3.57544,142:3.33986,130:3.19176,9:3.09744,160:3.06392,131:3.04527,112:2.95563,343:2.93047,76:2.92616,99:2.87749,134:2.87345,374:2.69466,375:2.6863,119:2.63728,224:2.58367,91:2.44438,327:2.42038,186:2.41922,389:2.39023,55:2.35883,314:2.35483,285:2.28073,87:2.27017,331:2.25157,226:2.24056,230:2.16665,381:1.95146,324:1.84182,141:1.77775,121:1.75676,171:1.69772,73:1.6748,199:1.552,80:1.53479,297:1.52257,62:1.39361,383:0.44704,185:0.14702,349:0.11004,348:0.10577,247:0.07387,117:0.05617,310:0.05086,219:0.05024,159:0.04511,8:0.04354,313:0.04206,184:0.04049,195:0.03392,342:0.02849,211:0.02656,284:0.01779
140	0	213:4.05938,384:3.91393,391:3.87843,329:3.57333,142:3.31932,130:3.17145,160:3.08396,9:3.07861,131:3.03826,76:2.95729,343:2.94458,112:2.9382,134:2.88383,99:2.86842,374:2.7032,375:2.69093,119:2.65103,224:2.57199,91:2.4579,327:2.43377,186:2.41459,389:2.38444,55:2.35608,314:2.34908,285:2.3063,87:2.28774,331:2.26056,226:2.25656,230:2.17262,381:1.94351,324:1.83665,139:1.78143,121:1.75115,171:1.71309,73:1.64003,199:1.56036,80:1.55434,297:1.52527,62:1.39051,383:0.43913,185:0.14329,348:0.10905,349:0.10649,247:0.07158,117:0.05639,219:0.05226,310:0.05149,159:0.04318,8:0.043,313:0.04206,184:0.03707,342:0.02907,195:0.02894,211:0.0284,284:0.01649
147	0	396:46.8329,333:32.8792,359:20.2879
148	0	397:49.4133,334:22.0617,230:18.7563,359:9.76871
152	0	278:14.9123,192:13.3185,70:10.987,2:10.8699,114:10.7993,44:10.3076,363:9.77509,47:9.68262,388:2.65327,189:0.96881,369:0.8957,299:0.81078,296:0.77515,344:0.75938,102:0.7188,188:0.71494,307:0.43145,182:0.20894,345:0.14837,300:0.11728,45:0.06219,71:0.05379,297:0.02876
153	0	279:18.7783,182:11.6632,345:9.82838,3:8.88833,300:8.79514,389:8.36418,103:7.70074,45:6.9362,71:6.75255,297:5.58302,192:1.76521,189:1.63553,369:1.50886,114:1.10792,307:0.69238
155	0	240:20.2547,5:19.8964,77:17.5453,219:17.4,281:15.2204,58:6.41146,228:1.48703,340:1.33142,321:0.4532
156	0	59:15.9465,126:12.9053,136:12.3436,78:11.6745,38:11.5683,282:10.859,6:10.8546,229:9.07934,321:3.54183,340:1.22704
158	0	61:11.9551,8:10.0852,222:10.0594,184:10.0087,313:9.81441,342:8.72302,117:7.53961,284:7.10474,310:7.08043,195:5.98752,211:5.95453,373:1.8668,138:1.46285,140:1.44753,119:0.24394,331:0.16553,226:0.16127,171:0.08425,98:0.04246,325:0.03972,86:0.03954,120:0.03676,296:0.03294,72:0.02525,170:0.02071,99:0.0035,375:0.00252,224:0.00238,374:0.00234,87:0.00211,324:0.00157,327:0.00153,381:0.00126,297:0.00054
159	0	329:6.31418,130:5.56105,9:5.41578,131:5.33683,343:5.1704,134:5.04899,375:4.70264,374:4.69388,224:4.44055,91:4.28535,186:4.16848,55:4.06293,314:4.04644,285:3.9581,230:3.71869,381:3.33415,141:3.06424,139:3.04761,121:2.98223,73:2.84788,80:2.65992,199:2.64051,297:2.59855,62:2.35676,99:0.50923,117:0.36562,310:0.34958,327:0.34257,119:0.32029,87:0.31323,331:0.2975,226:0.29562,195:0.21851,211:0.19609,324:0.17821,171:0.1574
161	0	316:6.60643,108:6.33809,137:6.17835,289:6.16977,40:6.05483,20:5.99399,385:5.95961,206:5.62185,365:5.58325,53:5.5487,317:5.41587,176:5.39044,210:5.37404,113:5.25258,305:5.12066,22:4.83331,164:4.81929,203:3.73518,190:0.0009,308:0.00067,36:0.0004,85:0.0004,234:0.0004,380:0.0004,371:0.00031,18:0.00027
163	0	198:3.79175,289:3.77054,40:3.70256,372:3.69276,385:3.64864,20:3.64842,36:3.58227,162:3.57989,380:3.46208,227:3.4313,206:3.43053,53:3.40353,365:3.40007,234:3.32683,317:3.30068,176:3.28661,210:3.26405,302:3.24869,113:3.18201,305:3.1147,18:3.03215,85:3.01009,22:2.93029,312:2.80758,207:2.60084,178:2.59136,189:2.53142,369:2.46208,203:2.23521,310:2.23247,42:2.23072,226:2.06779,128:4e-05,316:4e-05
165	0	198:8.38319,292:8.3755,12:8.3605,83:8.20237,390:8.02363,387:7.80089,386:7.77295,193:7.4559,176:7.19065,312:6.26543,294:5.72474,168:5.60882,15:5.60387,47:5.08319,188:0.0457,17:0.03316,305:0.01734,164:0.01595,22:0.01577,207:0.01033,310:0.00535,177:0.00117,205:0.00081,225:0.00076,302:0.00063,85:0.00036,227:0.00031,42:0.00027,49:0.00013,189:0.00013,226:9e-05,369:9e-05
167	0	12:6.90065,292:6.83137,390:6.54671,30:6.49989,33:6.47778,166:6.39452,387:6.37561,386:6.32928,193:6.02894,93:5.44337,312:5.06449,294:4.68822,70:4.65861,15:4.60118,2:4.57112,44:4.33379,363:4.11217,47:4.10543,109:0.01537,72:0.01469,24:0.00503,211:0.00072,1:0.00045,88:0.00045,43:9e-05,302:4e-05
170	0	26:4.29393,338:4.26742,125:4.2303,181:4.22033,101:4.20635,82:4.14691,99:3.87735,117:3.64069,375:3.62501,374:3.61292,119:3.57908,224:3.48531,310:3.40034,327:3.30369,186:3.2778,314:3.17504,55:3.16152,226:3.06855,87:3.06783,331:3.0424,195:2.80672,211:2.74948,381:2.62411,324:2.49569,141:2.39122,139:2.38785,80:2.10104,199:2.0846,297:2.0602,62:1.86146,354:0.82475,353:0.81631,135:0.52204,8:0.2634,159:0.25729,313:0.25612,184:0.25059,342:0.16855,284:0.11557,134:0.10905,91:0.07675,121:0.0297,73:0.01964,61:0.01478,222:0.012,329:0.00431,130:0.00283,131:0.00265,160:0.00256,343:0.00229,9:0.00184,285:0.00117,230:0.00067
172	0	337:21.7953,179:21.7892,81:21.7437,100:17.5683,170:17.1035
173	0	209:15.976,84:15.2943,358:15.2616,216:14.0409,133:14.0107,17:13.3844,83:12.0314,190:0.00018,132:0.00013,364:0.00013,371:9e-05,52:4e-05,308:4e-05
174	0	52:9.44182,132:9.42519,364:9.40376,304:8.99208,16:8.97474,21:8.97393,19:8.96287,175:8.9613,235:8.95676,163:8.9547,315:8.95285
175	0	316:7.65926,108:7.37376,137:7.19303,289:7.1681,40:7.00863,385:6.93889,20:6.91031,162:6.78616,365:6.5051,206:6.4994,53:6.47666,317:6.27123,305:5.97269,22:5.62364,164:5.60167,190:0.0018,371:0.00157,308:0.00148,234:0.00117,83:0.00108,17:0.00099,85:0.0009,113:0.00076,380:0.00076,210:0.00072,203:0.00022
177	0	123:4.90404,352:4.66117,227:4.65641,122:4.54587,302:4.36358,305:4.16493,65:4.14794,411:4.1093,97:4.09739,18:4.064,85:4.03448,22:3.91078,164:3.8827,124:3.82271,142:3.55424,207:3.41777,189:3.31937,348:3.21207,349:3.21072,369:3.19499,203:2.93222,42:2.89223,310:2.85974,359:2.77886,319:2.67093,226:2.63409,199:1.90329,80:1.89156,64:0.02593,202:0.02287,198:0.02026,196:0.01415,399:0.01366,176:0.01276,394:0.01141,169:0.01087,312:0.0093,130:0.0058,6:0.00526,357:0.00508,103:0.00301,121:0.00139,166:0.00031,12:0.00027,292:0.00022,193:4e-05
179	0	239:30.721,100:28.6055,170:28.2356,81:4.4813,354:3.97953,353:3.97162,337:0.00319,25:0.00225
180	0	135:18.0232,338:12.8448,26:12.8344,82:12.7178,101:12.6706,125:12.6559,171:7.89606,354:5.20221,353:5.15508
183	0	61:11.31,159:9.48181,222:9.42407,8:9.41517,313:9.15806,342:8.19406,117:7.07032,119:6.98315,310:6.62189,284:6.61218,195:5.58172,211:5.51949,138:1.48226,140:1.47162,327:0.19542,120:0.17704,325:0.17641,373:0.17367,226:0.16553,331:0.1605,296:0.14967,72:0.12011,324:0.09854,170:0.09602,171:0.08358,99:0.01573,374:0.01568,224:0.01245,375:0.01245,87:0.00935,381:0.00467,297:0.00283,80:0.00256,199:0.00198
187	0	299:7.14675,177:7.00611,225:7.00337,296:6.94379,344:6.81685,152:6.80971,43:6.8076,358:6.80625,1:6.79722,102:6.79439,277:6.78153,84:6.7685,388:6.0582,17:6.01052,83:5.44921
188	0	198:4.82482,278:4.35684,153:4.3288,227:4.30305,176:4.096,302:4.06926,305:3.86702,192:3.84239,18:3.76807,85:3.74219,22:3.62258,164:3.61597,312:3.48935,182:3.43062,178:3.16893,207:3.15716,2:3.09506,114:3.07924,369:2.96642,345:2.94044,47:2.76188,42:2.67336,300:2.67084,310:2.62443,359:2.55208,389:2.51564,226:2.42506,45:2.11371,307:2.05562,71:2.04227,297:1.70334,12:0.01681,292:0.0155,123:0.01537,166:0.01442,193:0.01038,70:0.00728,142:0.00607,44:0.00557,363:0.00418,169:0.00094,279:0.00058,6:0.00022,154:0.00022
191	0	153:12.2387,278:12.2031,70:8.75164,2:8.59217,114:8.52266,189:8.39707,44:8.13875,369:8.10145,363:7.66879,47:7.65158,307:5.67833,388:1.33735,182:0.84843,345:0.58467,300:0.4754,45:0.25095,71:0.23006,389:0.20777,297:0.12105
194	0	51:6.68255,75:6.60427,247:5.74016,105:5.56209,28:5.21772,8:5.15553,159:5.13203,184:5.11895,313:5.02131,342:4.43439,207:4.2955,221:3.95306,117:3.82123,119:3.73734,284:3.59517,310:3.57055,340:3.51249,327:3.47425,226:3.25723,331:3.22159,211:2.98744,324:2.72369,171:2.5289,95:0.16877,61:0.12083,222:0.0909,112:0.03806,76:0.0368,99:0.02229,373:0.02035,374:0.01946,224:0.01856,375:0.01842,138:0.01689,140:0.01658,87:0.01388,111:0.01326,381:0.00791,232:0.00696,199:0.00467,80:0.00413,297:0.00373,208:0.00337,319:0.00162,186:0.00108,55:0.00099,314:0.00076,31:0.00072,34:0.00067,62:0.00031,73:0.00031,139:0.00013,141:0.00013
204	0	127:16.4944,212:14.4775,123:13.6673,302:12.295,213:12.1378,391:11.6563,49:8.52801,214:7.94509,387:0.66281,386:0.65392,312:0.42381,47:0.25765,292:0.1667,12:0.16356,166:0.14154,193:0.12837,294:0.06965,15:0.06605,168:0.06461
209	0	289:4.67097,20:4.56479,40:4.56142,372:4.55769,385:4.48651,36:4.47137,162:4.42981,115:4.41076,128:4.40779,241:4.39404,380:4.31707,206:4.28,53:4.24666,365:4.23511,234:4.15738,176:4.10503,317:4.09721,113:3.99243,305:3.87254,18:3.79059,85:3.77266,164:3.66293,22:3.65947,203:2.85579
216	0	233:8.0922,372:7.35691,36:7.20112,241:7.13633,128:7.13291,115:7.13116,380:6.9007,234:6.6732,242:6.64732,210:6.55592,113:6.38648,143:6.10088,18:6.07244,85:6.04849,203:4.53877,365:0.00454,40:0.00413,53:0.00386,164:0.00364,317:0.00324,305:0.00315,22:0.00243,206:0.00013,289:4e-05
218	0	156:21.5371,5:21.5079,77:19.2886,281:17.1635,58:8.51363,240:5.21614,321:4.02114,340:2.01688,228:0.73516
220	0	347:10.4268,51:8.13421,215:7.38805,247:6.99209,105:6.78931,28:6.38679,124:5.77157,342:5.40149,207:5.31005,76:5.02131,112:4.98303,284:4.40806,340:4.35108,87:4.06189,195:3.71618,34:3.37908,31:3.37518,324:3.36879,95:0.25185,75:0.21456,232:0.13282,208:0.06704,319:0.03267,334:0.01056,343:0.00759,131:0.00755,91:0.00616,285:0.00427
223	0	99:4.98092,134:4.94021,375:4.67088,374:4.66773,117:4.64338,119:4.58573,91:4.22042,327:4.1891,186:4.15675,314:4.03704,55:4.01251,87:3.92404,226:3.87812,331:3.83916,381:3.31146,324:3.11982,141:3.02159,139:3.0113,121:2.97446,171:2.88522,73:2.82892,80:2.60821,199:2.59356,297:2.56875,62:2.33941,184:0.91467,329:0.70173,342:0.66016,61:0.65881,130:0.55291,9:0.50766,160:0.49157,131:0.47279,343:0.43464,8:0.37129,159:0.36778,313:0.3658,310:0.36073,285:0.27045,230:0.25756,195:0.23828,211:0.21051,284:0.15399
228	0	197:12.5403,376:10.5004,321:8.27575,126:6.44166,157:6.27464,136:6.27132,78:5.95453,38:5.8706,345:5.69158,6:5.58105,282:5.54438,340:5.12502,300:5.11275,327:5.09253,331:4.65901,59:0.29117,215:0.23419,287:0.13107,248:0.12217,198:0.07158,156:0.05657,5:0.05338,77:0.04143,219:0.03999,281:0.02292
231	0	28:11.1522,208:8.9174,112:8.6145,76:8.57335,221:8.27382,334:7.92949,340:7.39964,319:6.96149,285:6.90942,324:5.66157,34:5.62679,31:5.61695,105:2.30455,51:2.03274,247:1.51552,207:1.4039,195:0.58652,284:0.52019
236	106	336:17.6605,57:16.1334,214:12.7875,357:12.7685,307:10.6859,67:9.17065,68:8.11803,62:8.11718,281:3.86598,282:0.69233
236	107	336:20.494,57:18.6521,357:14.464,214:14.406,307:11.7285,62:8.66276,67:5.06786,68:4.4702,281:1.88797,282:0.16648
236	237	336:14.8545,57:13.5904,67:12.9084,68:11.6238,214:10.9914,357:10.9493,307:9.27678,62:7.36315,281:6.44408,282:1.99815
238	0	347:9.69996,215:6.90685,352:6.78616,122:6.5898,399:6.15157,65:6.03843,411:5.96393,97:5.96388,342:5.08386,178:4.97018,348:4.6432,349:4.63933,221:4.55967,203:4.23349,357:4.0197,319:3.90076,87:3.83161,199:2.76862,80:2.75514,202:0.17475,64:0.17331,394:0.08758,103:0.02152,196:0.01411,121:0.00912,343:0.00526,131:0.00472,91:0.0035
239	0	135:17.9721,338:12.8699,26:12.8635,101:12.6872,82:12.6854,181:12.6773,171:7.93048,353:5.16609,354:5.14802
240	0	321:14.2942,157:10.7792,136:10.7379,78:10.1691,38:10.0857,6:9.5027,282:9.45305,340:8.85175,229:7.99393,59:2.43085,5:1.43207,156:1.4296,77:1.10954,219:1.03324,281:0.69723
246	0	320:9.62119,185:8.80538,383:8.63095,95:7.75825,51:7.34302,75:7.27131,105:6.31194,28:5.93094,222:5.78729,219:5.56775,207:5.00451,348:4.68072,349:4.66647,221:4.63551,284:4.25255,195:3.70314,140:0.00944,138:0.00791,388:0.00629,390:0.00445,340:0.00081,111:9e-05,324:9e-05
247	0	384:17.7594,142:15.8457,208:15.1309,334:13.6758,285:12.5405,232:4.30984,213:3.8414,391:3.59463,112:2.36795,76:2.35047,389:1.67768,319:1.62057,381:1.15367,34:1.0944,31:1.07571,141:0.98593,139:0.9755
277	0	153:14.921,192:13.3148,70:11.0453,2:10.8921,114:10.7817,44:10.2903,363:9.75505,47:9.66788,388:2.67363,189:0.9525,369:0.8922,299:0.81168,296:0.76553,344:0.73228,102:0.7299,188:0.71961,307:0.42664,182:0.21402,345:0.14913,300:0.11831,45:0.06151,71:0.05639,297:0.02853
278	0	154:16.0414,182:13.081,3:10.0176,300:9.90396,389:9.39293,103:8.66492,45:7.86627,71:7.5938,297:6.29104,192:2.49574,345:2.28437,369:2.22016,114:1.57896,189:1.49377,307:1.074
280	0	240:19.8689,5:19.5849,156:19.5641,77:17.2247,219:17.1172,58:4.8742,340:0.88838,228:0.68164,321:0.19609
281	0	68:13.8143,59:11.2087,126:9.23966,136:8.91214,157:8.88379,78:8.43414,38:8.33111,6:7.87939,214:6.90519,229:6.628,62:4.35616,237:1.00049,107:0.99258,106:0.98647,321:0.88824,336:0.58948,57:0.51642,340:0.27692,307:0.15682
283	0	61:11.6724,159:9.93016,8:9.90953,222:9.82519,184:9.7759,313:9.54719,342:8.56211,117:7.42336,310:6.94487,195:5.87855,211:5.79969,373:1.54917,138:1.22772,140:1.223,119:0.19906,331:0.13251,226:0.13094,171:0.06771,98:0.03348,86:0.03276,120:0.03087,325:0.03051,296:0.02575,72:0.02031,170:0.01469,374:0.00265,99:0.00247,224:0.00189,327:0.00166,375:0.0013,87:0.00126,324:0.00058,381:0.00045,297:0.00027
284	0	232:5.83681,329:4.70628,130:4.18856,160:4.07874,9:4.06931,208:4.04711,131:4.00505,343:3.90175,76:3.89362,112:3.86315,134:3.77356,334:3.62824,375:3.55509,374:3.54709,91:3.21872,186:3.18151,319:3.08657,55:3.07192,314:3.06275,230:2.85512,381:2.53101,34:2.44739,31:2.42717,141:2.33825,139:2.33303,121:2.30216,73:2.18201,199:2.05912,80:2.02106,62:1.83104,28:0.31588,207:0.19577,221:0.16801,99:0.16216,340:0.14644,224:0.12289,327:0.10222,87:0.09724,117:0.09512,226:0.08771,310:0.08744,331:0.08416,119:0.07953,195:0.05226,324:0.04754,211:0.04269,171:0.04224,297:0.0275
286	0	322:25.6472,198:24.5267,215:23.2189,331:13.8664,376:5.04913,299:2.32477,345:1.92517,300:1.65975,327:1.50567,229:0.27625
288	0	316:5.95921,108:5.73953,137:5.62468,40:5.45222,385:5.42486,20:5.41619,162:5.29091,380:5.16276,206:5.09046,53:5.07546,365:5.04279,176:4.93104,317:4.89905,210:4.89689,113:4.75585,305:4.65025,85:4.48094,22:4.3789,164:4.35693,203:3.37028,371:0.00027,190:0.00022,308:0.00013,234:9e-05,372:9e-05
290	291	14:26.7034,11:26.6427,13:23.3378,10:23.3161
290	293	11:26.6508,14:26.6315,10:23.3774,13:23.3403
291	0	12:11.1528,390:10.6635,387:10.3943,166:10.3859,386:10.3235,193:9.85359,312:8.1928,294:7.51754,15:7.34563,168:7.33624,47:6.56761,302:0.19263,49:0.07392
293	0	12:10.7218,292:10.7212,390:10.2564,386:10.0393,166:9.98929,387:9.96835,193:9.48931,312:7.95308,168:7.15641,15:7.13844,47:6.41281,302:0.11233,49:0.0412
295	0	79:4.28647,54:4.28018,283:4.28,158:4.27339,7:4.27169,120:4.27074,325:4.27047,373:4.2702,118:4.26993,98:4.26454,86:4.24855,326:4.23934,299:4.09658,277:3.87641,1:3.87488,102:3.87057,43:3.84999,152:3.84936,344:3.84864,188:3.80496,140:3.74251,138:3.70827,72:3.60789,388:3.47052,170:3.17392
296	0	154:4.74547,182:3.81018,114:3.28724,189:3.28302,369:3.16376,345:3.13617,99:3.13586,134:3.12782,117:2.9475,374:2.92557,375:2.92413,119:2.89192,224:2.81382,300:2.77612,3:2.75828,91:2.67871,327:2.65085,186:2.61854,389:2.60403,314:2.54728,55:2.54013,87:2.47511,226:2.4668,103:2.42425,331:2.41517,45:2.10922,381:2.07858,307:2.07175,71:2.05575,324:1.97644,141:1.9316,139:1.91506,121:1.85984,171:1.83355,73:1.78579,199:1.65458,80:1.65247,62:1.48397,279:0.48465,192:0.24089,184:0.21474,329:0.15192,342:0.14976,130:0.11701,9:0.10402,160:0.10303,131:0.09575,343:0.09337,310:0.07513,61:0.06488,278:0.05927,153:0.05769,285:0.05284,230:0.05172,195:0.047,211:0.04022,159:0.03532,313:0.03451,8:0.03437,70:0.03069,2:0.02665,44:0.02462,47:0.02071,363:0.01928,284:0.01361
298	0	296:11.4622,277:11.2952,1:11.2769,152:11.2756,43:11.2587,102:11.2179,344:11.2087,188:11.0331,388:9.97181
299	0	197:11.9137,376:9.94238,154:7.69589,182:6.26911,114:5.56478,189:5.49181,345:5.31055,369:5.29595,3:4.77728,327:4.64971,389:4.48719,331:4.2778,229:4.2153,103:4.19445,45:3.76893,307:3.69721,71:3.63215,297:3.01409,287:0.75551,279:0.4403,215:0.29652,192:0.20791,198:0.0262,278:0.01878,153:0.01851,70:0.0093,44:0.00885,2:0.00804,47:0.00616,363:0.00566
301	302	127:7.88802,205:6.95228,212:6.8337,123:6.46327,232:6.06512,105:5.76177,28:5.4564,391:5.41318,312:4.90368,207:4.50741,76:4.30948,112:4.30215,221:4.13334,49:3.87169,340:3.70993,214:3.61746,319:3.52763,195:3.1856,34:2.89484,324:2.87933,31:2.87583,75:0.05639,51:0.04947,387:0.04624,166:0.04453,386:0.04314,193:0.04287,247:0.04075,213:0.03604,168:0.02161,208:0.01973,334:0.01622,47:0.01496,284:0.01272,95:0.00099,292:0.00081,12:0.00076,294:0.00036,15:0.00027,285:4e-05
301	303	246:7.79007,311:7.77748,46:7.77438,27:7.76648,204:7.76266,332:7.75938,48:7.75672,165:7.75403,339:7.74819,50:7.74536,74:7.72752,323:7.72352,318:6.91422
304	0	198:3.56691,137:3.5443,289:3.51402,40:3.45776,20:3.43031,385:3.42141,36:3.3568,162:3.34826,166:3.27686,380:3.23521,53:3.19877,206:3.19706,227:3.18879,365:3.17796,193:3.14098,234:3.11083,176:3.08284,317:3.07138,210:3.0637,302:3.0335,113:3.01103,18:2.84927,85:2.83027,164:2.75348,22:2.74107,312:2.65503,178:2.4415,207:2.43876,189:2.36566,369:2.2979,203:2.11416,42:2.08572,310:2.0677,226:1.93079
306	0	192:11.2788,182:10.1198,114:9.02254,189:8.9662,369:8.70253,345:8.64879,300:7.8013,389:7.3756,45:6.1774,71:6.01937,297:5.02253,278:1.90347,153:1.87745,154:1.64196,2:0.95942,44:0.88753,47:0.77977,363:0.75618,279:0.69189,3:0.61321,103:0.48775,70:0.2665
309	0	198:4.6152,166:4.19741,227:4.09672,193:3.97886,176:3.92017,302:3.85354,305:3.68283,159:3.58794,8:3.58654,18:3.56264,184:3.56255,85:3.5612,313:3.45848,22:3.41499,164:3.40317,312:3.28733,342:3.13024,178:3.01701,207:3.01121,189:2.89529,369:2.80457,117:2.66738,119:2.64321,42:2.52252,284:2.50149,327:2.45979,226:2.30293,331:2.28311,195:2.12,211:2.08869,324:1.92032,171:1.79123,292:0.01501,12:0.01451,61:0.01258,222:0.00876,359:0.00297,99:0.00243,224:0.00171,374:0.00162,375:0.00162,373:0.00153,87:0.00148,17:0.00139,140:0.0013,138:0.00121,381:0.00067,83:0.00049,123:0.00045,297:0.00045,80:0.0004,199:0.00036,142:0.00031,186:9e-05,55:4e-05,314:4e-05
311	0	292:5.67932,12:5.64485,61:5.38923,166:5.27388,387:5.23614,386:5.22908,193:4.99242,159:4.52291,222:4.48948,8:4.48427,184:4.48395,313:4.36421,342:3.9177,294:3.79067,168:3.71456,15:3.6964,117:3.40137,47:3.32395,119:3.32211,49:3.23399,310:3.19459,284:3.19063,195:2.69439,211:2.65575,140:0.01712,138:0.01676,390:0.01411,205:0.01042,302:0.00723,99:0.00211,87:0.00157,327:0.00126,226:0.00103,331:0.00058,171:0.00049,324:0.00031,373:0.00031,72:0.00027,120:0.00022,296:0.00022,374:4e-05,375:4e-05
313	0	329:4.73095,130:4.16241,160:4.08032,9:4.06302,131:4.00784,343:3.84725,134:3.77585,99:3.75558,374:3.52085,375:3.50795,119:3.45615,224:3.36426,91:3.21553,327:3.15675,186:3.13262,55:3.0437,285:2.9785,87:2.93703,331:2.9054,226:2.89717,230:2.81283,381:2.50239,324:2.35582,141:2.29277,139:2.29205,121:2.23454,171:2.19522,73:2.13775,80:1.98336,199:1.97384,297:1.95083,62:1.78309,159:0.53161,8:0.52433,184:0.51512,342:0.35255,117:0.26425,310:0.24183,284:0.22602,195:0.15525,211:0.13543
315	0	371:11.1682,190:10.3642,308:10.3523,17:9.59733,108:8.87795,137:8.75258,83:8.61563,20:8.40507,162:8.24614,206:7.92716,176:7.68892,35:0.00094,133:0.00081,385:0.00072,216:0.00063,40:0.00054,305:0.00054,289:0.0004
318	0	352:5.7828,232:5.70789,122:5.56254,196:5.54038,394:5.40522,65:5.09064,97:5.07051,28:5.05649,124:4.6321,178:4.18941,208:4.10476,112:3.96875,76:3.94916,221:3.82002,334:3.64747,203:3.50238,340:3.36161,285:3.16835,103:3.03507,34:2.62151,324:2.6176,31:2.59895,121:2.47907,80:2.22749,199:2.21652,105:0.1033,411:0.09688,400:0.06727,207:0.05967,349:0.05891,348:0.05603,64:0.04525,202:0.043,51:0.03231,399:0.02408,247:0.02215,195:0.01901,357:0.00791,284:0.00755
323	0	232:4.87285,105:4.66351,28:4.32453,207:3.49856,208:3.41216,112:3.28517,76:3.26765,99:3.18915,221:3.15334,117:3.00164,374:2.99657,375:2.97441,119:2.95258,224:2.85413,310:2.80623,340:2.73748,327:2.71299,186:2.67817,55:2.61333,319:2.59158,314:2.5896,87:2.50985,226:2.50827,331:2.49183,195:2.31048,211:2.26837,381:2.16377,31:2.0597,34:2.04883,139:1.96525,141:1.96373,171:1.87903,199:1.71448,80:1.71228,297:1.69327,62:1.52266,51:0.31121,247:0.22956,159:0.15569,184:0.15475,8:0.15309,313:0.15143,342:0.10294,334:0.09346,160:0.07531,9:0.07064,284:0.06785,131:0.06515,134:0.06241,343:0.06097,95:0.04386,91:0.04332,285:0.03613,75:0.03559,61:0.02939,222:0.02143,121:0.01959,73:0.01146,329:0.00773,130:0.0062,230:0.00341
326	0	99:5.12619,375:4.79112,117:4.77692,374:4.74632,119:4.70323,224:4.55405,310:4.42972,186:4.23583,55:4.15733,314:4.14619,87:4.00496,226:3.98164,331:3.97059,195:3.66248,211:3.59351,381:3.43202,324:3.22317,139:3.14655,141:3.12696,171:2.99239,80:2.71358,199:2.70248,297:2.66729,62:2.3994,8:0.89903,159:0.89647,184:0.88011,313:0.8736,342:0.62206,61:0.5082,9:0.46839,160:0.46569,131:0.44628,284:0.40804,343:0.39919,134:0.39007,222:0.36472,91:0.29692,285:0.24426,329:0.16455,130:0.12181,121:0.11719,73:0.09706,230:0.05248
328	0	130:6.84467,160:6.6728,9:6.66979,131:6.60319,343:6.32542,134:6.21596,91:5.27851,186:5.19889,55:5.09469,314:5.00361,285:4.93643,230:4.62774,139:3.79306,141:3.78092,121:3.75338,73:3.56111,80:3.33083,199:3.32215,62:2.96606,99:0.71494,375:0.61941,374:0.61927,224:0.54931,327:0.48497,87:0.44291,117:0.43523,331:0.42458,226:0.42264,119:0.37155,381:0.28591,324:0.25967,171:0.22822,297:0.16221
330	0	287:9.67327,376:7.1379,215:5.77143,99:3.63431,345:3.59966,374:3.44087,375:3.42343,117:3.41301,119:3.39567,224:3.28099,300:3.23242,310:3.18933,327:3.11663,186:3.05952,314:2.99207,55:2.98407,87:2.90472,226:2.90104,229:2.84689,195:2.64038,211:2.62555,381:2.49664,324:2.36646,141:2.31124,139:2.2956,171:2.18008,199:1.99895,80:1.99212,297:1.98251,62:1.81706,197:0.38265,198:0.23747,159:0.11036,8:0.1082,313:0.10685,184:0.10604,342:0.07162,284:0.04655,134:0.04138,91:0.027,322:0.01128,121:0.01011,61:0.00984,73:0.00921,222:0.00737,329:0.00211,131:0.00162,343:0.00157,9:0.00148,130:0.0013,160:0.0009,285:0.00072,230:0.00049
332	0	104:33.2112,111:33.2057,231:33.1973,27:0.0709,246:0.06884,339:0.06736,74:0.06713,318:0.05459,95:0.03312,75:0.0239
333	0	232:12.8166,208:9.3174,112:9.08622,76:9.07754,359:7.70033,319:7.45738,285:7.34846,230:6.85329,34:6.09518,31:6.08907,324:6.06368,28:1.95025,148:1.63113,396:1.62583,149:1.57946,397:1.56135,221:1.19465,105:0.9272,340:0.85063,207:0.55767,195:0.21667
335	0	68:17.5876,237:15.2852,107:15.278,106:15.275,57:11.0623,214:8.69215,307:7.2696,62:5.56213,67:2.11991,281:0.73084,282:0.584,357:0.55327
337	0	26:14.3868,82:14.2103,125:14.1795,101:14.13,181:14.1287,171:9.14148,353:7.50932,354:7.48357,135:4.83034
339	0	232:8.18202,321:8.03747,105:7.81114,28:7.34873,126:6.23281,207:6.03748,76:5.70736,112:5.67936,78:5.6728,38:5.63686,221:5.52281,319:4.64612,229:4.49078,195:4.16389,324:3.80788,31:3.78402,34:3.7723,51:0.52487,5:0.43244,156:0.42853,247:0.40175,77:0.33377,219:0.31089,136:0.24156,208:0.20031,281:0.19429,334:0.15583,284:0.12802,95:0.04013,75:0.03082,157:0.01622,6:0.0124,282:0.01051,285:0.00382
341	0	61:9.60695,215:9.32953,8:8.05589,222:8.02489,159:8.00354,184:7.97218,313:7.84497,221:6.10749,117:5.98482,119:5.87365,310:5.62306,284:5.60284,195:4.7199,211:4.69536,138:0.78948,140:0.7849,124:0.25244,327:0.0834,331:0.07738,226:0.06839,120:0.06142,325:0.0603,373:0.05949,225:0.0523,296:0.04979,347:0.04561,324:0.04219,72:0.03824,171:0.03401,170:0.03127,99:0.00463,374:0.0044,375:0.0044,224:0.0035,87:0.00337,381:0.00189,199:0.00099,80:0.00067,297:0.00045
342	0	347:10.6415,329:5.54124,130:4.91963,160:4.82347,9:4.80905,131:4.71945,134:4.45991,375:4.20532,374:4.19031,224:3.99512,91:3.83305,186:3.7457,314:3.66495,55:3.66234,285:3.59544,230:3.35194,381:3.01499,139:2.78574,141:2.75217,121:2.71052,73:2.60902,199:2.43315,80:2.42389,297:2.39289,62:2.17186,215:0.53511,124:0.50685,99:0.2124,221:0.20948,327:0.13952,87:0.13341,226:0.12195,331:0.1175,117:0.11233,310:0.10546,119:0.10434,195:0.06924,324:0.0661,171:0.05873,211:0.05495
344	0	182:10.4478,189:9.29727,114:9.26217,369:9.04739,300:8.06852,389:7.70191,103:7.11858,45:6.43685,307:6.30874,71:6.24445,297:5.22095,279:3.11029,278:2.25328,153:2.23589,154:1.99761,192:1.75856,2:1.13843,47:0.94158,3:0.78018,70:0.24871,44:0.21087,363:0.16998
346	0	124:20.976,221:17.7996,91:16.2655,87:15.3484,215:10.9737,342:6.67014,131:6.10866,343:5.85811
350	0	288:9.44631,370:9.41962,39:9.41023,21:9.00655,16:8.98008,315:8.96728,175:8.96719,235:8.96296,304:8.9586,163:8.95213,19:8.92904
351	0	122:10.7523,65:9.80439,411:9.69012,97:9.66671,124:9.00417,178:8.15214,348:7.57389,349:7.5623,203:6.86601,319:6.34253,80:4.49182,199:4.48247,64:1.32208,202:1.31201,196:0.79132,399:0.788,394:0.78004,357:0.29768,103:0.21285,121:0.10712
356	0	67:16.4398,64:15.2172,202:15.1686,399:11.8147,411:11.5332,281:9.35164,349:9.15784,348:9.14387,106:0.31925,107:0.31247,237:0.31211,352:0.27185,122:0.26749,124:0.18558,57:0.14752,178:0.1419,203:0.10465,307:0.04615,351:0.02211,201:0.02184,336:0.00696,65:0.0062,97:0.0062,80:0.00054,199:0.00031
358	0	233:4.83956,217:4.61484,372:4.44086,123:4.32237,36:4.3008,128:4.27362,115:4.27052,241:4.26603,380:4.1412,227:4.08405,234:4.01494,210:3.91465,302:3.90809,113:3.80986,169:3.78128,85:3.64181,18:3.62941,164:3.51523,22:3.5102,142:3.18578,178:3.09272,189:3.02438,369:2.93424,6:2.75011,203:2.67161,42:2.6429,226:2.41796,305:0.00022,40:0.00013,289:0.00013,365:0.00013,53:9e-05,385:9e-05,317:9e-05,143:4e-05,242:4e-05
360	0	64:20.3758,399:16.3274,411:15.8575,349:12.7067,348:12.6844,357:11.0395,122:2.4003,124:1.82021,351:1.20476,96:1.20372,201:1.19186,203:1.15362,102:0.91911,352:0.47234,97:0.37582,178:0.26686
361	0	378:34.4515,200:27.6413,94:17.4949,93:11.8614,322:8.55083
364	0	289:5.39642,40:5.31918,372:5.27002,20:5.22805,385:5.21843,36:5.14277,162:5.127,380:4.95643,206:4.91666,53:4.8999,234:4.80626,176:4.75171,210:4.72259,317:4.72134,113:4.59948,305:4.48022,18:4.39076,85:4.37144,164:4.22801,22:4.2184,203:3.23413,128:0.00018,241:0.00018,108:0.00013,115:9e-05,137:9e-05,316:9e-05,217:4e-05
365	0	242:54.1156,143:45.8844
367	0	24:12.5622,89:9.62106,379:9.23499,110:9.18386,49:7.68407,42:7.43936,94:6.51229,211:6.14415,45:5.88282,71:5.72457,31:5.63483,34:5.61502,169:1.79347,93:1.54832,2:1.05782,363:0.86793,3:0.74545,70:0.52478,294:0.5175,15:0.5095,168:0.50119,44:0.44906,73:0.24579
370	0	308:12.0391,190:12.0337,133:11.7029,216:11.6976,17:11.205,316:10.7319,108:10.3501,137:10.1382,83:10.0983,358:0.00076,35:0.00067,176:0.00063,84:0.00058,20:0.00049
371	0	233:6.73355,217:6.46206,36:5.99924,115:5.9863,241:5.95921,128:5.94173,380:5.77224,53:5.68341,365:5.67352,234:5.62409,317:5.53108,210:5.47608,113:5.32079,18:5.12416,85:5.05542,164:4.93994,22:4.92129,203:3.79041,289:0.00085,20:0.00072,162:0.00063,206:0.00058,305:0.00058,385:0.00058,40:0.00054,143:0.00054,242:0.00045
373	374	160:4.84805,9:4.84553,343:4.62082,99:4.52529,134:4.49811,117:4.15643,119:4.1275,224:4.03385,91:3.86037,327:3.81166,186:3.7696,55:3.67991,314:3.66935,87:3.57194,226:3.52071,331:3.49483,381:3.04415,324:2.83669,141:2.78569,139:2.76511,121:2.71546,171:2.62816,73:2.583,199:2.39949,80:2.39661,297:2.34431,62:2.13978,329:0.77924,130:0.60993,159:0.568,8:0.56594,313:0.54783,184:0.54563,131:0.53862,310:0.41159,342:0.39658,285:0.3162,230:0.28924,195:0.26497,284:0.25414,211:0.23967
373	375	160:5.01803,9:5.00541,343:4.77953,99:4.66454,134:4.63196,117:4.32705,119:4.24226,224:4.1474,91:3.94295,327:3.9084,186:3.87421,55:3.75666,314:3.73581,87:3.64918,226:3.60717,331:3.5563,381:3.07471,324:2.88491,141:2.81944,139:2.81814,121:2.74642,171:2.66163,73:2.60677,199:2.43265,80:2.42268,297:2.36961,62:2.11902,329:0.54046,130:0.43442,8:0.37677,159:0.3734,184:0.36738,313:0.36176,131:0.36023,310:0.2665,342:0.25172,285:0.19321,230:0.18827,195:0.17156,284:0.16082,211:0.15071
377	0	362:34.4763,200:27.5505,94:17.5742,93:11.8493,322:8.54962
382	0	185:14.0365,205:11.7315,75:11.5518,227:10.4172,247:10.1525,399:9.52593,219:8.77999,82:7.72199,348:7.42642,349:7.39097,355:0.36756,320:0.35084,95:0.25208,222:0.12339,76:0.06668,112:0.06574,381:0.02458,140:0.0027,212:0.00175,388:0.00175,138:0.00171,111:0.00166,390:0.00139,208:0.00085,391:0.00081,213:0.00067,142:0.00058,389:0.00036,141:4e-05
383	0	212:12.9806,213:10.8718,391:10.4552,142:9.06119,208:8.52783,76:8.32846,112:8.32127,389:6.93345,381:5.96056,139:5.48592,141:5.43456,400:2.51317,248:2.12059,205:1.35088,227:1.06097,82:0.53812,349:0.02939,348:0.02602
388	0	279:8.49903,154:6.46538,213:6.15062,384:5.90807,391:5.89199,182:5.29896,142:5.044,189:4.64953,76:4.58982,112:4.5838,369:4.49164,345:4.47874,300:4.02653,3:4.01826,103:3.52193,45:3.18699,381:3.17455,307:3.1093,71:3.07183,141:2.91479,139:2.91268,297:2.54067,383:0.50941,192:0.20377,349:0.12438,348:0.12325,114:0.11831,185:0.11215,153:0.06017,278:0.05711,247:0.05689,219:0.04089,2:0.02516,47:0.02053,363:0.01887
390	0	127:9.98686,205:8.81028,212:8.68891,123:8.21208,302:7.32325,213:7.18823,384:6.84952,142:5.99057,112:5.50709,76:5.4786,49:4.92453,214:4.60595,389:4.60325,381:3.88512,141:3.64118,139:3.62927,383:0.29773,349:0.07571,348:0.07266,185:0.06538,387:0.03631,386:0.03545,247:0.03303,219:0.02444,312:0.02296,47:0.01164
392	0	360:20.2614,238:20.1891,356:20.1778,398:20.1466,318:19.2251
393	0	352:13.4721,196:12.7913,65:11.9606,97:11.8333,178:9.94049,319:7.73385,103:7.31269,121:6.05235,199:5.45092,80:5.42908,400:2.03998,122:1.82533,124:1.33569,203:0.78566,399:0.66501,411:0.63572,348:0.37115,349:0.36468
395	0	148:46.7505,333:32.8909,359:20.3587
396	0	149:49.4232,334:22.1182,230:18.6909,359:9.76772
398	0	355:14.3335,383:12.3962,202:11.1454,64:11.1038,122:9.15002,411:8.41158,124:7.82489,348:6.74262,349:6.71944,203:6.11962,357:5.84732,205:0.05024,227:0.03914,352:0.03509,97:0.02822,82:0.01784,178:0.01636,201:0.01051,212:0.00386,65:0.00315,319:0.0009,80:0.00013,199:9e-05
399	0	196:18.153,394:17.788,384:16.6523,208:13.9052,103:10.7776,121:9.08172,212:4.59188,65:3.23224,97:3.20056,319:1.38184,80:0.62237,199:0.61321
